MiniPC_Kyber512\frame_0.jpg,11.04
MiniPC_Kyber512\frame_1.jpg,11.04
MiniPC_Kyber512\frame_2.jpg,11.05
MiniPC_Kyber512\frame_3.jpg,11.05
MiniPC_Kyber512\frame_4.jpg,11.05
MiniPC_Kyber512\frame_5.jpg,11.05
MiniPC_Kyber512\frame_6.jpg,11.05
MiniPC_Kyber512\frame_7.jpg,11.05
MiniPC_Kyber512\frame_8.jpg,11.05
MiniPC_Kyber512\frame_9.jpg,11.05
MiniPC_Kyber512\frame_10.jpg,11.05
MiniPC_Kyber512\frame_11.jpg,11.05
MiniPC_Kyber512\frame_12.jpg,11.05
MiniPC_Kyber512\frame_13.jpg,11.05
MiniPC_Kyber512\frame_14.jpg,11.05
MiniPC_Kyber512\frame_15.jpg,11.05
MiniPC_Kyber512\frame_16.jpg,11.05
MiniPC_Kyber512\frame_17.jpg,11.03
MiniPC_Kyber512\frame_18.jpg,11.03
MiniPC_Kyber512\frame_19.jpg,11.03
MiniPC_Kyber512\frame_20.jpg,11.03
MiniPC_Kyber512\frame_21.jpg,11.03
MiniPC_Kyber512\frame_22.jpg,11.03
MiniPC_Kyber512\frame_23.jpg,11.03
MiniPC_Kyber512\frame_24.jpg,11.03
MiniPC_Kyber512\frame_25.jpg,11.03
MiniPC_Kyber512\frame_26.jpg,11.03
MiniPC_Kyber512\frame_27.jpg,11.03
MiniPC_Kyber512\frame_28.jpg,11.03
MiniPC_Kyber512\frame_29.jpg,11.03
MiniPC_Kyber512\frame_30.jpg,11.03
MiniPC_Kyber512\frame_31.jpg,11.03
MiniPC_Kyber512\frame_32.jpg,1 1.03
MiniPC_Kyber512\frame_33.jpg,11.01
MiniPC_Kyber512\frame_34.jpg,11.01
MiniPC_Kyber512\frame_35.jpg,11.01
MiniPC_Kyber512\frame_36.jpg,11.01
MiniPC_Kyber512\frame_37.jpg,11.01
MiniPC_Kyber512\frame_38.jpg,11.01
MiniPC_Kyber512\frame_39.jpg,11.01
MiniPC_Kyber512\frame_40.jpg,11.01
MiniPC_Kyber512\frame_41.jpg,11.01
MiniPC_Kyber512\frame_42.jpg,11.01
MiniPC_Kyber512\frame_43.jpg,11.01
MiniPC_Kyber512\frame_44.jpg,11.01
MiniPC_Kyber512\frame_45.jpg,11.01
MiniPC_Kyber512\frame_46.jpg,11.01
MiniPC_Kyber512\frame_47.jpg,11.01
MiniPC_Kyber512\frame_48.jpg,11.01
MiniPC_Kyber512\frame_49.jpg,11.01
MiniPC_Kyber512\frame_50.jpg,11.01
MiniPC_Kyber512\frame_51.jpg,11.01
MiniPC_Kyber512\frame_52.jpg,11.01
MiniPC_Kyber512\frame_53.jpg,11.01
MiniPC_Kyber512\frame_54.jpg,11.01
MiniPC_Kyber512\frame_55.jpg,11.01
MiniPC_Kyber512\frame_56.jpg,11.01
MiniPC_Kyber512\frame_57.jpg,11.01
MiniPC_Kyber512\frame_58.jpg,11.01
MiniPC_Kyber512\frame_59.jpg,11.01
MiniPC_Kyber512\frame_60.jpg,11.01
MiniPC_Kyber512\frame_61.jpg,11.01
MiniPC_Kyber512\frame_62.jpg,11.01
MiniPC_Kyber512\frame_63.jpg,11.03
MiniPC_Kyber512\frame_64.jpg,11.03
MiniPC_Kyber512\frame_65.jpg,11.03
MiniPC_Kyber512\frame_66.jpg,11.03
MiniPC_Kyber512\frame_67.jpg,11.0 3
MiniPC_Kyber512\frame_68.jpg,11.03
MiniPC_Kyber512\frame_69.jpg,11.03
MiniPC_Kyber512\frame_70.jpg,11.03
MiniPC_Kyber512\frame_71.jpg,1 1 03
MiniPC_Kyber512\frame_72.jpg,11. 03
MiniPC_Kyber512\frame_73.jpg,11.03
MiniPC_Kyber512\frame_74.jpg,11.0 3
MiniPC_Kyber512\frame_75.jpg,11.0 3
MiniPC_Kyber512\frame_76.jpg,11.03
MiniPC_Kyber512\frame_77.jpg,11.03
MiniPC_Kyber512\frame_78.jpg,10.99
MiniPC_Kyber512\frame_79.jpg,10.99
MiniPC_Kyber512\frame_80.jpg,10.99
MiniPC_Kyber512\frame_81.jpg,10.99
MiniPC_Kyber512\frame_82.jpg,10.99
MiniPC_Kyber512\frame_83.jpg,10.99
MiniPC_Kyber512\frame_84.jpg,10.99
MiniPC_Kyber512\frame_85.jpg,10.99
MiniPC_Kyber512\frame_86.jpg,10.99
MiniPC_Kyber512\frame_87.jpg,10.99
MiniPC_Kyber512\frame_88.jpg,10.99
MiniPC_Kyber512\frame_89.jpg,10.99
MiniPC_Kyber512\frame_90.jpg,10.99
MiniPC_Kyber512\frame_91.jpg,10.99
MiniPC_Kyber512\frame_92.jpg,10.99
MiniPC_Kyber512\frame_93.jpg,11.05
MiniPC_Kyber512\frame_94.jpg,11.05
MiniPC_Kyber512\frame_95.jpg,11.05
MiniPC_Kyber512\frame_96.jpg,11 05
MiniPC_Kyber512\frame_97.jpg,11.05
MiniPC_Kyber512\frame_98.jpg,11.05
MiniPC_Kyber512\frame_99.jpg,11.05
MiniPC_Kyber512\frame_100.jpg,11.05
MiniPC_Kyber512\frame_101.jpg,11.05
MiniPC_Kyber512\frame_102.jpg,11.05
MiniPC_Kyber512\frame_103.jpg,11.05
MiniPC_Kyber512\frame_104.jpg,11.05
MiniPC_Kyber512\frame_105.jpg,11 05
MiniPC_Kyber512\frame_106.jpg,11.05
MiniPC_Kyber512\frame_107.jpg,11.05
MiniPC_Kyber512\frame_108.jpg,11.05
MiniPC_Kyber512\frame_109.jpg,11.05
MiniPC_Kyber512\frame_110.jpg,1 1.05
MiniPC_Kyber512\frame_111.jpg,11.05
MiniPC_Kyber512\frame_112.jpg,11.05
MiniPC_Kyber512\frame_113.jpg,11.05
MiniPC_Kyber512\frame_114.jpg,11.05
MiniPC_Kyber512\frame_115.jpg,11.05
MiniPC_Kyber512\frame_116.jpg,11.05
MiniPC_Kyber512\frame_117.jpg,11.05
MiniPC_Kyber512\frame_118.jpg,1 1.05
MiniPC_Kyber512\frame_119.jpg,11.05
MiniPC_Kyber512\frame_120.jpg,11.05
MiniPC_Kyber512\frame_121.jpg,11.05
MiniPC_Kyber512\frame_122.jpg,11.05
MiniPC_Kyber512\frame_123.jpg,11.02
MiniPC_Kyber512\frame_124.jpg,11.02
MiniPC_Kyber512\frame_125.jpg,11.02
MiniPC_Kyber512\frame_126.jpg,11.02
MiniPC_Kyber512\frame_127.jpg,11.02
MiniPC_Kyber512\frame_128.jpg,11.02
MiniPC_Kyber512\frame_129.jpg,11.02
MiniPC_Kyber512\frame_130.jpg,11.02
MiniPC_Kyber512\frame_131.jpg,1 1.02
MiniPC_Kyber512\frame_132.jpg,11.02
MiniPC_Kyber512\frame_133.jpg,11.02
MiniPC_Kyber512\frame_134.jpg,11.02
MiniPC_Kyber512\frame_135.jpg,11.02
MiniPC_Kyber512\frame_136.jpg,11.02
MiniPC_Kyber512\frame_137.jpg,11.02
MiniPC_Kyber512\frame_138.jpg,1 1.88
MiniPC_Kyber512\frame_139.jpg,1 1.38
MiniPC_Kyber512\frame_140.jpg,11.38
MiniPC_Kyber512\frame_141.jpg,11.38
MiniPC_Kyber512\frame_142.jpg,11.38
MiniPC_Kyber512\frame_143.jpg,11.38
MiniPC_Kyber512\frame_144.jpg,1 1.38
MiniPC_Kyber512\frame_145.jpg,1 1.38
MiniPC_Kyber512\frame_146.jpg,11.38
MiniPC_Kyber512\frame_147.jpg,11.38
MiniPC_Kyber512\frame_148.jpg,11.38
MiniPC_Kyber512\frame_149.jpg,11.38
MiniPC_Kyber512\frame_150.jpg,11.38
MiniPC_Kyber512\frame_151.jpg,11.38
MiniPC_Kyber512\frame_152.jpg,11.38
MiniPC_Kyber512\frame_153.jpg,11.58
MiniPC_Kyber512\frame_154.jpg,11.50
MiniPC_Kyber512\frame_155.jpg,11.50.
MiniPC_Kyber512\frame_156.jpg,11 50
MiniPC_Kyber512\frame_157.jpg,11 50
MiniPC_Kyber512\frame_158.jpg,11 50
MiniPC_Kyber512\frame_159.jpg,11 50
MiniPC_Kyber512\frame_160.jpg,11 50
MiniPC_Kyber512\frame_161.jpg,11.50
MiniPC_Kyber512\frame_162.jpg,11 50
MiniPC_Kyber512\frame_163.jpg,11.50
MiniPC_Kyber512\frame_164.jpg,11.50
MiniPC_Kyber512\frame_165.jpg,11 50
MiniPC_Kyber512\frame_166.jpg,11 50
MiniPC_Kyber512\frame_167.jpg,11.50
MiniPC_Kyber512\frame_168.jpg,10.50
MiniPC_Kyber512\frame_169.jpg,1 0.96
MiniPC_Kyber512\frame_170.jpg,10.96.
MiniPC_Kyber512\frame_171.jpg,10.96
MiniPC_Kyber512\frame_172.jpg,1 0.96
MiniPC_Kyber512\frame_173.jpg,10.96
MiniPC_Kyber512\frame_174.jpg,1 0.96
MiniPC_Kyber512\frame_175.jpg,1 0.96
MiniPC_Kyber512\frame_176.jpg,10.96
MiniPC_Kyber512\frame_177.jpg,10.96
MiniPC_Kyber512\frame_178.jpg,10.96
MiniPC_Kyber512\frame_179.jpg,10.96
MiniPC_Kyber512\frame_180.jpg,10.96
MiniPC_Kyber512\frame_181.jpg,10.96
MiniPC_Kyber512\frame_182.jpg,10.96
MiniPC_Kyber512\frame_183.jpg,10.96
MiniPC_Kyber512\frame_184.jpg,11.30
MiniPC_Kyber512\frame_185.jpg,11.30
MiniPC_Kyber512\frame_186.jpg,11.30
MiniPC_Kyber512\frame_187.jpg,11.30
MiniPC_Kyber512\frame_188.jpg,11.30
MiniPC_Kyber512\frame_189.jpg,11.30.
MiniPC_Kyber512\frame_190.jpg,11.3 0
MiniPC_Kyber512\frame_191.jpg,11.3
MiniPC_Kyber512\frame_192.jpg,11.3
MiniPC_Kyber512\frame_193.jpg,11.3
MiniPC_Kyber512\frame_194.jpg,11.3
MiniPC_Kyber512\frame_195.jpg,11.3
MiniPC_Kyber512\frame_196.jpg,11.3
MiniPC_Kyber512\frame_197.jpg,11.30
MiniPC_Kyber512\frame_198.jpg,11.30
MiniPC_Kyber512\frame_199.jpg,11.36
MiniPC_Kyber512\frame_200.jpg,11.36
MiniPC_Kyber512\frame_201.jpg,11.36
MiniPC_Kyber512\frame_202.jpg,11.36
MiniPC_Kyber512\frame_203.jpg,11.36
MiniPC_Kyber512\frame_204.jpg,11.36
MiniPC_Kyber512\frame_205.jpg,11.36
MiniPC_Kyber512\frame_206.jpg,11.36
MiniPC_Kyber512\frame_207.jpg,11.36
MiniPC_Kyber512\frame_208.jpg,11.36
MiniPC_Kyber512\frame_209.jpg,11.36
MiniPC_Kyber512\frame_210.jpg,11.36
MiniPC_Kyber512\frame_211.jpg,11.36
MiniPC_Kyber512\frame_212.jpg,11.36
MiniPC_Kyber512\frame_213.jpg,11.36
MiniPC_Kyber512\frame_214.jpg,11.08
MiniPC_Kyber512\frame_215.jpg,11.08
MiniPC_Kyber512\frame_216.jpg,11.08
MiniPC_Kyber512\frame_217.jpg,11.08
MiniPC_Kyber512\frame_218.jpg,11.08
MiniPC_Kyber512\frame_219.jpg,11.08
MiniPC_Kyber512\frame_220.jpg,11.08
MiniPC_Kyber512\frame_221.jpg,11.08
MiniPC_Kyber512\frame_222.jpg,11.08
MiniPC_Kyber512\frame_223.jpg,11.08
MiniPC_Kyber512\frame_224.jpg,11.08
MiniPC_Kyber512\frame_225.jpg,11.08
MiniPC_Kyber512\frame_226.jpg,11.08
MiniPC_Kyber512\frame_227.jpg,11.08
MiniPC_Kyber512\frame_228.jpg,1 1.08
MiniPC_Kyber512\frame_229.jpg,10.99
MiniPC_Kyber512\frame_230.jpg,10.99
MiniPC_Kyber512\frame_231.jpg,10.99
MiniPC_Kyber512\frame_232.jpg,10.99
MiniPC_Kyber512\frame_233.jpg,1 0.99
MiniPC_Kyber512\frame_234.jpg,10.99
MiniPC_Kyber512\frame_235.jpg,10.99
MiniPC_Kyber512\frame_236.jpg,10.99
MiniPC_Kyber512\frame_237.jpg,10.99
MiniPC_Kyber512\frame_238.jpg,10.99
MiniPC_Kyber512\frame_239.jpg,10.99
MiniPC_Kyber512\frame_240.jpg,1 0.99
MiniPC_Kyber512\frame_241.jpg,1 0.99
MiniPC_Kyber512\frame_242.jpg,1 0.99
MiniPC_Kyber512\frame_243.jpg,1 0.99
MiniPC_Kyber512\frame_244.jpg,1 1.39
MiniPC_Kyber512\frame_245.jpg,11.33
MiniPC_Kyber512\frame_246.jpg,11.33
MiniPC_Kyber512\frame_247.jpg,11.33
MiniPC_Kyber512\frame_248.jpg,11.33
MiniPC_Kyber512\frame_249.jpg,11.33
MiniPC_Kyber512\frame_250.jpg,11.33
MiniPC_Kyber512\frame_251.jpg,1 1.33
MiniPC_Kyber512\frame_252.jpg,11.33
MiniPC_Kyber512\frame_253.jpg,11.33
MiniPC_Kyber512\frame_254.jpg,11.33
MiniPC_Kyber512\frame_255.jpg,11.33
MiniPC_Kyber512\frame_256.jpg,11.33
MiniPC_Kyber512\frame_257.jpg,11.33
MiniPC_Kyber512\frame_258.jpg,11.33
MiniPC_Kyber512\frame_259.jpg,11.03.
MiniPC_Kyber512\frame_260.jpg,11.07
MiniPC_Kyber512\frame_261.jpg,11.07
MiniPC_Kyber512\frame_262.jpg,11.07
MiniPC_Kyber512\frame_263.jpg,11.07
MiniPC_Kyber512\frame_264.jpg,11.07
MiniPC_Kyber512\frame_265.jpg,11.07
MiniPC_Kyber512\frame_266.jpg,11.07
MiniPC_Kyber512\frame_267.jpg,11.07
MiniPC_Kyber512\frame_268.jpg,11.07
MiniPC_Kyber512\frame_269.jpg,11.07
MiniPC_Kyber512\frame_270.jpg,11.07
MiniPC_Kyber512\frame_271.jpg,11.07
MiniPC_Kyber512\frame_272.jpg,11.07
MiniPC_Kyber512\frame_273.jpg,11.07
MiniPC_Kyber512\frame_274.jpg,11.07
MiniPC_Kyber512\frame_275.jpg,11.00
MiniPC_Kyber512\frame_276.jpg,11.00
MiniPC_Kyber512\frame_277.jpg,11.00
MiniPC_Kyber512\frame_278.jpg,11.00
MiniPC_Kyber512\frame_279.jpg,1 1.00
MiniPC_Kyber512\frame_280.jpg,11.00
MiniPC_Kyber512\frame_281.jpg,1 1.00
MiniPC_Kyber512\frame_282.jpg,1 1.00
MiniPC_Kyber512\frame_283.jpg,1 1.00
MiniPC_Kyber512\frame_284.jpg,1 1.00
MiniPC_Kyber512\frame_285.jpg,1 1.00
MiniPC_Kyber512\frame_286.jpg,1 1.00
MiniPC_Kyber512\frame_287.jpg,1 1.00
MiniPC_Kyber512\frame_288.jpg,1 1.00
MiniPC_Kyber512\frame_289.jpg,21.00
MiniPC_Kyber512\frame_290.jpg,21.81
MiniPC_Kyber512\frame_291.jpg,21.81
MiniPC_Kyber512\frame_292.jpg,21.81
MiniPC_Kyber512\frame_293.jpg,21.81
MiniPC_Kyber512\frame_294.jpg,21.81
MiniPC_Kyber512\frame_295.jpg,21.81
MiniPC_Kyber512\frame_296.jpg,21.81
MiniPC_Kyber512\frame_297.jpg,21.81
MiniPC_Kyber512\frame_298.jpg,21.81
MiniPC_Kyber512\frame_299.jpg,21.81
MiniPC_Kyber512\frame_300.jpg,21.81
MiniPC_Kyber512\frame_301.jpg,21.81
MiniPC_Kyber512\frame_302.jpg,21.81
MiniPC_Kyber512\frame_303.jpg,21.81
MiniPC_Kyber512\frame_304.jpg,21.81
MiniPC_Kyber512\frame_305.jpg,20.95
MiniPC_Kyber512\frame_306.jpg,20.95
MiniPC_Kyber512\frame_307.jpg,20.95
MiniPC_Kyber512\frame_308.jpg,20.95
MiniPC_Kyber512\frame_309.jpg,20.95
MiniPC_Kyber512\frame_310.jpg,20.95
MiniPC_Kyber512\frame_311.jpg,20.95
MiniPC_Kyber512\frame_312.jpg,20.95
MiniPC_Kyber512\frame_313.jpg,20.95
MiniPC_Kyber512\frame_314.jpg,20.95
MiniPC_Kyber512\frame_315.jpg,20.95
MiniPC_Kyber512\frame_316.jpg,20.95
MiniPC_Kyber512\frame_317.jpg,20.95
MiniPC_Kyber512\frame_318.jpg,20.95
MiniPC_Kyber512\frame_319.jpg,20.95
MiniPC_Kyber512\frame_320.jpg,19.94
MiniPC_Kyber512\frame_321.jpg,19.94
MiniPC_Kyber512\frame_322.jpg,19.94
MiniPC_Kyber512\frame_323.jpg,19.94
MiniPC_Kyber512\frame_324.jpg,19.94
MiniPC_Kyber512\frame_325.jpg,19.94
MiniPC_Kyber512\frame_326.jpg,19.94
MiniPC_Kyber512\frame_327.jpg,19.94
MiniPC_Kyber512\frame_328.jpg,19.94
MiniPC_Kyber512\frame_329.jpg,19.94
MiniPC_Kyber512\frame_330.jpg,19.94
MiniPC_Kyber512\frame_331.jpg,1 9.94
MiniPC_Kyber512\frame_332.jpg,19.94
MiniPC_Kyber512\frame_333.jpg,19.94
MiniPC_Kyber512\frame_334.jpg,19.94
MiniPC_Kyber512\frame_335.jpg,19.80
MiniPC_Kyber512\frame_336.jpg,1 9.80
MiniPC_Kyber512\frame_337.jpg,19.80.
MiniPC_Kyber512\frame_338.jpg,19.80.
MiniPC_Kyber512\frame_339.jpg,19.80.
MiniPC_Kyber512\frame_340.jpg,19.80.
MiniPC_Kyber512\frame_341.jpg,19.80.
MiniPC_Kyber512\frame_342.jpg,19.80.
MiniPC_Kyber512\frame_343.jpg,19.80.
MiniPC_Kyber512\frame_344.jpg,19.80.
MiniPC_Kyber512\frame_345.jpg,19.80.
MiniPC_Kyber512\frame_346.jpg,19.80
MiniPC_Kyber512\frame_347.jpg,19.80
MiniPC_Kyber512\frame_348.jpg,19.80
MiniPC_Kyber512\frame_349.jpg,19.80
MiniPC_Kyber512\frame_350.jpg,19.88
MiniPC_Kyber512\frame_351.jpg,19.78
MiniPC_Kyber512\frame_352.jpg,19.78
MiniPC_Kyber512\frame_353.jpg,19.78
MiniPC_Kyber512\frame_354.jpg,19.78
MiniPC_Kyber512\frame_355.jpg,19.78
MiniPC_Kyber512\frame_356.jpg,19.78
MiniPC_Kyber512\frame_357.jpg,19.78
MiniPC_Kyber512\frame_358.jpg,19.78
MiniPC_Kyber512\frame_359.jpg,19.78
MiniPC_Kyber512\frame_360.jpg,1 9.78
MiniPC_Kyber512\frame_361.jpg,1 9.78
MiniPC_Kyber512\frame_362.jpg,1 9.78
MiniPC_Kyber512\frame_363.jpg,19.78
MiniPC_Kyber512\frame_364.jpg,1 9.78
MiniPC_Kyber512\frame_365.jpg,1 9.78
MiniPC_Kyber512\frame_366.jpg,1 9.85
MiniPC_Kyber512\frame_367.jpg,1 9.85
MiniPC_Kyber512\frame_368.jpg,1 9.85
MiniPC_Kyber512\frame_369.jpg,1 9.85
MiniPC_Kyber512\frame_370.jpg,1 9.85
MiniPC_Kyber512\frame_371.jpg,19.85
MiniPC_Kyber512\frame_372.jpg,1 9.85
MiniPC_Kyber512\frame_373.jpg,1 9.85
MiniPC_Kyber512\frame_374.jpg,1 9.85
MiniPC_Kyber512\frame_375.jpg,1 9.85
MiniPC_Kyber512\frame_376.jpg,1 9.85
MiniPC_Kyber512\frame_377.jpg,1 9.85
MiniPC_Kyber512\frame_378.jpg,1 9.85
MiniPC_Kyber512\frame_379.jpg,1 9.85
MiniPC_Kyber512\frame_380.jpg,1 9.85
MiniPC_Kyber512\frame_381.jpg,19.89
MiniPC_Kyber512\frame_382.jpg,19.89
MiniPC_Kyber512\frame_383.jpg,19.89
MiniPC_Kyber512\frame_384.jpg,19.89
MiniPC_Kyber512\frame_385.jpg,19.89
MiniPC_Kyber512\frame_386.jpg,19.89
MiniPC_Kyber512\frame_387.jpg,19.89
MiniPC_Kyber512\frame_388.jpg,19.89
MiniPC_Kyber512\frame_389.jpg,19.89
MiniPC_Kyber512\frame_390.jpg,19.89
MiniPC_Kyber512\frame_391.jpg,19.89
MiniPC_Kyber512\frame_392.jpg,19.89
MiniPC_Kyber512\frame_393.jpg,19.89
MiniPC_Kyber512\frame_394.jpg,19.89
MiniPC_Kyber512\frame_395.jpg,19.89
MiniPC_Kyber512\frame_396.jpg,18.00
MiniPC_Kyber512\frame_397.jpg,1 8.00
MiniPC_Kyber512\frame_398.jpg,1 8.00
MiniPC_Kyber512\frame_399.jpg,1 8.00
MiniPC_Kyber512\frame_400.jpg,1 8.00
MiniPC_Kyber512\frame_401.jpg,1 8.00
MiniPC_Kyber512\frame_402.jpg,1 8.00
MiniPC_Kyber512\frame_403.jpg,1 8.00
MiniPC_Kyber512\frame_404.jpg,1 8.00
MiniPC_Kyber512\frame_405.jpg,1 8.00
MiniPC_Kyber512\frame_406.jpg,18.00
MiniPC_Kyber512\frame_407.jpg,18.00
MiniPC_Kyber512\frame_408.jpg,1 8.00
MiniPC_Kyber512\frame_409.jpg,1 8.00
MiniPC_Kyber512\frame_410.jpg,1 8.00
MiniPC_Kyber512\frame_411.jpg,11.15
MiniPC_Kyber512\frame_412.jpg,11.15
MiniPC_Kyber512\frame_413.jpg,11.15
MiniPC_Kyber512\frame_414.jpg,11.15
MiniPC_Kyber512\frame_415.jpg,11 15
MiniPC_Kyber512\frame_416.jpg,11.15
MiniPC_Kyber512\frame_417.jpg,11.15
MiniPC_Kyber512\frame_418.jpg,11.15
MiniPC_Kyber512\frame_419.jpg,11.15
MiniPC_Kyber512\frame_420.jpg,11 15
MiniPC_Kyber512\frame_421.jpg,11 15
MiniPC_Kyber512\frame_422.jpg,11.15
MiniPC_Kyber512\frame_423.jpg,11.15
MiniPC_Kyber512\frame_424.jpg,11 15
MiniPC_Kyber512\frame_425.jpg,11 15
MiniPC_Kyber512\frame_426.jpg,11 13
MiniPC_Kyber512\frame_427.jpg,11.13
MiniPC_Kyber512\frame_428.jpg,11 13
MiniPC_Kyber512\frame_429.jpg,11 13
MiniPC_Kyber512\frame_430.jpg,11 13
MiniPC_Kyber512\frame_431.jpg,11 13
MiniPC_Kyber512\frame_432.jpg,11 13
MiniPC_Kyber512\frame_433.jpg,11.13
MiniPC_Kyber512\frame_434.jpg,11.13
MiniPC_Kyber512\frame_435.jpg,11.13
MiniPC_Kyber512\frame_436.jpg,11.13
MiniPC_Kyber512\frame_437.jpg,11.13
MiniPC_Kyber512\frame_438.jpg,11.13
MiniPC_Kyber512\frame_439.jpg,11.13
MiniPC_Kyber512\frame_440.jpg,11.13
MiniPC_Kyber512\frame_441.jpg,11.15
MiniPC_Kyber512\frame_442.jpg,11.15
MiniPC_Kyber512\frame_443.jpg,11.15
MiniPC_Kyber512\frame_444.jpg,11.15
MiniPC_Kyber512\frame_445.jpg,11.15
MiniPC_Kyber512\frame_446.jpg,11.15
MiniPC_Kyber512\frame_447.jpg,11.15
MiniPC_Kyber512\frame_448.jpg,11.15
MiniPC_Kyber512\frame_449.jpg,11.15
MiniPC_Kyber512\frame_450.jpg,11.15
MiniPC_Kyber512\frame_451.jpg,11.15
MiniPC_Kyber512\frame_452.jpg,11.15
MiniPC_Kyber512\frame_453.jpg,11.15
MiniPC_Kyber512\frame_454.jpg,11.15
MiniPC_Kyber512\frame_455.jpg,11.15
MiniPC_Kyber512\frame_456.jpg,1 1.58
MiniPC_Kyber512\frame_457.jpg,MiniPC_Kyber512\frame_458.jpg,MiniPC_Kyber512\frame_459.jpg,11 58
MiniPC_Kyber512\frame_460.jpg,11 58
MiniPC_Kyber512\frame_461.jpg,11.58
MiniPC_Kyber512\frame_462.jpg,1 1.58
MiniPC_Kyber512\frame_463.jpg,11.58
MiniPC_Kyber512\frame_464.jpg,11.58
MiniPC_Kyber512\frame_465.jpg,11.5 8
MiniPC_Kyber512\frame_466.jpg,1 1.58
MiniPC_Kyber512\frame_467.jpg,11.5 8
MiniPC_Kyber512\frame_468.jpg,11.5 8
MiniPC_Kyber512\frame_469.jpg,11.5 8
MiniPC_Kyber512\frame_470.jpg,11.5 8
MiniPC_Kyber512\frame_471.jpg,11.66
MiniPC_Kyber512\frame_472.jpg,11.06
MiniPC_Kyber512\frame_473.jpg,11.06
MiniPC_Kyber512\frame_474.jpg,11.06
MiniPC_Kyber512\frame_475.jpg,11.06
MiniPC_Kyber512\frame_476.jpg,11.06
MiniPC_Kyber512\frame_477.jpg,11.06
MiniPC_Kyber512\frame_478.jpg,11.06
MiniPC_Kyber512\frame_479.jpg,11.06
MiniPC_Kyber512\frame_480.jpg,11.06
MiniPC_Kyber512\frame_481.jpg,11.06
MiniPC_Kyber512\frame_482.jpg,11.06
MiniPC_Kyber512\frame_483.jpg,11.06
MiniPC_Kyber512\frame_484.jpg,11.06
MiniPC_Kyber512\frame_485.jpg,11.06
MiniPC_Kyber512\frame_486.jpg,11.06
MiniPC_Kyber512\frame_487.jpg,11.29
MiniPC_Kyber512\frame_488.jpg,11.29
MiniPC_Kyber512\frame_489.jpg,11.29
MiniPC_Kyber512\frame_490.jpg,11.29
MiniPC_Kyber512\frame_491.jpg,11.29
MiniPC_Kyber512\frame_492.jpg,11.29
MiniPC_Kyber512\frame_493.jpg,11.29
MiniPC_Kyber512\frame_494.jpg,11.29
MiniPC_Kyber512\frame_495.jpg,11.29
MiniPC_Kyber512\frame_496.jpg,11.29
MiniPC_Kyber512\frame_497.jpg,11.29
MiniPC_Kyber512\frame_498.jpg,11.29
MiniPC_Kyber512\frame_499.jpg,11.29
MiniPC_Kyber512\frame_500.jpg,11.29
MiniPC_Kyber512\frame_501.jpg,11.29
MiniPC_Kyber512\frame_502.jpg,11.07
MiniPC_Kyber512\frame_503.jpg,11.07
MiniPC_Kyber512\frame_504.jpg,11.07
MiniPC_Kyber512\frame_505.jpg,11.07
MiniPC_Kyber512\frame_506.jpg,11.07
MiniPC_Kyber512\frame_507.jpg,11.07
MiniPC_Kyber512\frame_508.jpg,11.07
MiniPC_Kyber512\frame_509.jpg,11.07
MiniPC_Kyber512\frame_510.jpg,11.07
MiniPC_Kyber512\frame_511.jpg,11.07
MiniPC_Kyber512\frame_512.jpg,11 07
