RPi_X25519\frame_0.jpg,4.45
RPi_X25519\frame_1.jpg,4.45
RPi_X25519\frame_2.jpg,4.45
RPi_X25519\frame_3.jpg,4.45
RPi_X25519\frame_4.jpg,4.45
RPi_X25519\frame_5.jpg,4.45
RPi_X25519\frame_6.jpg,4.45
RPi_X25519\frame_7.jpg,4.45
RPi_X25519\frame_8.jpg,4.45
RPi_X25519\frame_9.jpg,4.45
RPi_X25519\frame_10.jpg,4.40
RPi_X25519\frame_11.jpg,4.40
RPi_X25519\frame_12.jpg,4.40
RPi_X25519\frame_13.jpg,4.40
RPi_X25519\frame_14.jpg,4.40
RPi_X25519\frame_15.jpg,4.40
RPi_X25519\frame_16.jpg,4.40
RPi_X25519\frame_17.jpg,4.40
RPi_X25519\frame_18.jpg,4.40
RPi_X25519\frame_19.jpg,4.40
RPi_X25519\frame_20.jpg,4.40
RPi_X25519\frame_21.jpg,4.40
RPi_X25519\frame_22.jpg,4.40
RPi_X25519\frame_23.jpg,4.40
RPi_X25519\frame_24.jpg,4.40
RPi_X25519\frame_25.jpg,4.46
RPi_X25519\frame_26.jpg,4.48
RPi_X25519\frame_27.jpg,4.48
RPi_X25519\frame_28.jpg,4.48
RPi_X25519\frame_29.jpg,4.48
RPi_X25519\frame_30.jpg,4.48
RPi_X25519\frame_31.jpg,4.48
RPi_X25519\frame_32.jpg,4.48
RPi_X25519\frame_33.jpg,4.48
RPi_X25519\frame_34.jpg,4.48
RPi_X25519\frame_35.jpg,4.48
RPi_X25519\frame_36.jpg,4.48
RPi_X25519\frame_37.jpg,4.48
RPi_X25519\frame_38.jpg,4.48
RPi_X25519\frame_39.jpg,4.48
RPi_X25519\frame_40.jpg,4.48
RPi_X25519\frame_41.jpg,4.45
RPi_X25519\frame_42.jpg,4.45
RPi_X25519\frame_43.jpg,4.45
RPi_X25519\frame_44.jpg,4.45
RPi_X25519\frame_45.jpg,4.45
RPi_X25519\frame_46.jpg,4.45
RPi_X25519\frame_47.jpg,4.45
RPi_X25519\frame_48.jpg,4.45
RPi_X25519\frame_49.jpg,4.45
RPi_X25519\frame_50.jpg,4.45
RPi_X25519\frame_51.jpg,4.45
RPi_X25519\frame_52.jpg,4.45
RPi_X25519\frame_53.jpg,4.45
RPi_X25519\frame_54.jpg,4.45
RPi_X25519\frame_55.jpg,4.45
RPi_X25519\frame_56.jpg,4.40
RPi_X25519\frame_57.jpg,4.40
RPi_X25519\frame_58.jpg,4.40
RPi_X25519\frame_59.jpg,4.40
RPi_X25519\frame_60.jpg,4.40
RPi_X25519\frame_61.jpg,4.40
RPi_X25519\frame_62.jpg,4.40
RPi_X25519\frame_63.jpg,4.40
RPi_X25519\frame_64.jpg,4.40
RPi_X25519\frame_65.jpg,4.40
RPi_X25519\frame_66.jpg,4.40
RPi_X25519\frame_67.jpg,4.40
RPi_X25519\frame_68.jpg,4.40
RPi_X25519\frame_69.jpg,4.40
RPi_X25519\frame_70.jpg,4.40
RPi_X25519\frame_71.jpg,4.46
RPi_X25519\frame_72.jpg,4.46
RPi_X25519\frame_73.jpg,4.46
RPi_X25519\frame_74.jpg,4.46
RPi_X25519\frame_75.jpg,4.46
RPi_X25519\frame_76.jpg,4.46
RPi_X25519\frame_77.jpg,4.46
RPi_X25519\frame_78.jpg,4.46
RPi_X25519\frame_79.jpg,4.46
RPi_X25519\frame_80.jpg,4.46
RPi_X25519\frame_81.jpg,4.46
RPi_X25519\frame_82.jpg,4.46
RPi_X25519\frame_83.jpg,4.46
RPi_X25519\frame_84.jpg,4.46
RPi_X25519\frame_85.jpg,4.46
RPi_X25519\frame_86.jpg,4.39
RPi_X25519\frame_87.jpg,4.39
RPi_X25519\frame_88.jpg,4.39
RPi_X25519\frame_89.jpg,4.39
RPi_X25519\frame_90.jpg,4.39
RPi_X25519\frame_91.jpg,4.39
RPi_X25519\frame_92.jpg,4.39
RPi_X25519\frame_93.jpg,4.39
RPi_X25519\frame_94.jpg,4.39
RPi_X25519\frame_95.jpg,4.39
RPi_X25519\frame_96.jpg,4.39
RPi_X25519\frame_97.jpg,4.39
RPi_X25519\frame_98.jpg,4.39
RPi_X25519\frame_99.jpg,4.39
RPi_X25519\frame_100.jpg,4.39
RPi_X25519\frame_101.jpg,4.59
RPi_X25519\frame_102.jpg,4.59
RPi_X25519\frame_103.jpg,4.59
RPi_X25519\frame_104.jpg,4.59
RPi_X25519\frame_105.jpg,4.59
RPi_X25519\frame_106.jpg,4.59
RPi_X25519\frame_107.jpg,4.59
RPi_X25519\frame_108.jpg,4.59
RPi_X25519\frame_109.jpg,4.59
RPi_X25519\frame_110.jpg,4.59
RPi_X25519\frame_111.jpg,4.59
RPi_X25519\frame_112.jpg,4.59
RPi_X25519\frame_113.jpg,4.59
RPi_X25519\frame_114.jpg,4.59
RPi_X25519\frame_115.jpg,4.59
RPi_X25519\frame_116.jpg,4.49
RPi_X25519\frame_117.jpg,4.41
RPi_X25519\frame_118.jpg,4.41
RPi_X25519\frame_119.jpg,4.41
RPi_X25519\frame_120.jpg,4.41
RPi_X25519\frame_121.jpg,4.41
RPi_X25519\frame_122.jpg,4.41
RPi_X25519\frame_123.jpg,4.41
RPi_X25519\frame_124.jpg,4.41
RPi_X25519\frame_125.jpg,4.41
RPi_X25519\frame_126.jpg,4.41
RPi_X25519\frame_127.jpg,4.41
RPi_X25519\frame_128.jpg,4.41
RPi_X25519\frame_129.jpg,4.41
RPi_X25519\frame_130.jpg,4.41
RPi_X25519\frame_131.jpg,4.51
RPi_X25519\frame_132.jpg,4.51
RPi_X25519\frame_133.jpg,4.51
RPi_X25519\frame_134.jpg,4.51
RPi_X25519\frame_135.jpg,4.51
RPi_X25519\frame_136.jpg,4.51
RPi_X25519\frame_137.jpg,4.51
RPi_X25519\frame_138.jpg,4.51
RPi_X25519\frame_139.jpg,4.51
RPi_X25519\frame_140.jpg,4.51
RPi_X25519\frame_141.jpg,4.51
RPi_X25519\frame_142.jpg,4.51
RPi_X25519\frame_143.jpg,4.51
RPi_X25519\frame_144.jpg,4.51
RPi_X25519\frame_145.jpg,4.51
RPi_X25519\frame_146.jpg,4.51
RPi_X25519\frame_147.jpg,4.51
RPi_X25519\frame_148.jpg,4.51
RPi_X25519\frame_149.jpg,4.51
RPi_X25519\frame_150.jpg,4.51
RPi_X25519\frame_151.jpg,4.51
RPi_X25519\frame_152.jpg,4.51
RPi_X25519\frame_153.jpg,4.51
RPi_X25519\frame_154.jpg,4.51
RPi_X25519\frame_155.jpg,4.51
RPi_X25519\frame_156.jpg,4.51
RPi_X25519\frame_157.jpg,4.51
RPi_X25519\frame_158.jpg,4.51
RPi_X25519\frame_159.jpg,4.51
RPi_X25519\frame_160.jpg,4.51
RPi_X25519\frame_161.jpg,.51
RPi_X25519\frame_162.jpg,5.60
RPi_X25519\frame_163.jpg,5.60
RPi_X25519\frame_164.jpg,5.60
RPi_X25519\frame_165.jpg,5.60
RPi_X25519\frame_166.jpg,5.60
RPi_X25519\frame_167.jpg,5.60
RPi_X25519\frame_168.jpg,5.60
RPi_X25519\frame_169.jpg,5.60
RPi_X25519\frame_170.jpg,5.60
RPi_X25519\frame_171.jpg,5.60
RPi_X25519\frame_172.jpg,5.60
RPi_X25519\frame_173.jpg,5.60
RPi_X25519\frame_174.jpg,5.60
RPi_X25519\frame_175.jpg,5.60
RPi_X25519\frame_176.jpg,5.60
RPi_X25519\frame_177.jpg,5.72
RPi_X25519\frame_178.jpg,5.72
RPi_X25519\frame_179.jpg,5.72
RPi_X25519\frame_180.jpg,5.72
RPi_X25519\frame_181.jpg,5.72
RPi_X25519\frame_182.jpg,5.72
RPi_X25519\frame_183.jpg,5.72
RPi_X25519\frame_184.jpg,5.72
RPi_X25519\frame_185.jpg,5.72
RPi_X25519\frame_186.jpg,5.72
RPi_X25519\frame_187.jpg,5.72
RPi_X25519\frame_188.jpg,5.72
RPi_X25519\frame_189.jpg,5.72
RPi_X25519\frame_190.jpg,5.72
RPi_X25519\frame_191.jpg,5.72
RPi_X25519\frame_192.jpg,5.78
RPi_X25519\frame_193.jpg,5.78
RPi_X25519\frame_194.jpg,5.78
RPi_X25519\frame_195.jpg,5.78
RPi_X25519\frame_196.jpg,5.78
RPi_X25519\frame_197.jpg,5.78
RPi_X25519\frame_198.jpg,5.78
RPi_X25519\frame_199.jpg,5.78
RPi_X25519\frame_200.jpg,5.78
RPi_X25519\frame_201.jpg,5.78
RPi_X25519\frame_202.jpg,5.78
RPi_X25519\frame_203.jpg,5.78
RPi_X25519\frame_204.jpg,5.78
RPi_X25519\frame_205.jpg,5.78
RPi_X25519\frame_206.jpg,5.78
RPi_X25519\frame_207.jpg,5.74
RPi_X25519\frame_208.jpg,5.74
RPi_X25519\frame_209.jpg,5.74
RPi_X25519\frame_210.jpg,5.74
RPi_X25519\frame_211.jpg,5.74
RPi_X25519\frame_212.jpg,5.74
RPi_X25519\frame_213.jpg,5.74
RPi_X25519\frame_214.jpg,5.74
RPi_X25519\frame_215.jpg,5.74
RPi_X25519\frame_216.jpg,5.74
RPi_X25519\frame_217.jpg,5.74
RPi_X25519\frame_218.jpg,5.74
RPi_X25519\frame_219.jpg,5.74
RPi_X25519\frame_220.jpg,5.74
RPi_X25519\frame_221.jpg,5.74
RPi_X25519\frame_222.jpg,5.74
RPi_X25519\frame_223.jpg,5.74
RPi_X25519\frame_224.jpg,5.74
RPi_X25519\frame_225.jpg,5.74
RPi_X25519\frame_226.jpg,5.74
RPi_X25519\frame_227.jpg,5.74
RPi_X25519\frame_228.jpg,5.74
RPi_X25519\frame_229.jpg,5.74
RPi_X25519\frame_230.jpg,5.74
RPi_X25519\frame_231.jpg,5.74
RPi_X25519\frame_232.jpg,5.74
RPi_X25519\frame_233.jpg,5.74
RPi_X25519\frame_234.jpg,5.74
RPi_X25519\frame_235.jpg,5.74
RPi_X25519\frame_236.jpg,5.74
RPi_X25519\frame_237.jpg,5.74
RPi_X25519\frame_238.jpg,5.75
RPi_X25519\frame_239.jpg,5.75
RPi_X25519\frame_240.jpg,5.75
RPi_X25519\frame_241.jpg,5.75
RPi_X25519\frame_242.jpg,5.75
RPi_X25519\frame_243.jpg,5.75
RPi_X25519\frame_244.jpg,5.75
RPi_X25519\frame_245.jpg,5.75
RPi_X25519\frame_246.jpg,5.75
RPi_X25519\frame_247.jpg,5.75
RPi_X25519\frame_248.jpg,5.75
RPi_X25519\frame_249.jpg,5.75
RPi_X25519\frame_250.jpg,5.75
RPi_X25519\frame_251.jpg,5.75
RPi_X25519\frame_252.jpg,5.75
RPi_X25519\frame_253.jpg,5.75
RPi_X25519\frame_254.jpg,5.75
RPi_X25519\frame_255.jpg,5.75
RPi_X25519\frame_256.jpg,5.75
RPi_X25519\frame_257.jpg,5.75
RPi_X25519\frame_258.jpg,5.75
RPi_X25519\frame_259.jpg,5.75
RPi_X25519\frame_260.jpg,5.75
RPi_X25519\frame_261.jpg,5.75
RPi_X25519\frame_262.jpg,5.75
RPi_X25519\frame_263.jpg,5.75
RPi_X25519\frame_264.jpg,5.75
RPi_X25519\frame_265.jpg,5.75
RPi_X25519\frame_266.jpg,5.75
RPi_X25519\frame_267.jpg,5.75
RPi_X25519\frame_268.jpg,5.79
RPi_X25519\frame_269.jpg,5.79
RPi_X25519\frame_270.jpg,5.79
RPi_X25519\frame_271.jpg,5.79
RPi_X25519\frame_272.jpg,5.79
RPi_X25519\frame_273.jpg,5.79
RPi_X25519\frame_274.jpg,5.79
RPi_X25519\frame_275.jpg,5.79
RPi_X25519\frame_276.jpg,5.79
RPi_X25519\frame_277.jpg,5.79
RPi_X25519\frame_278.jpg,5.79
RPi_X25519\frame_279.jpg,5.79
RPi_X25519\frame_280.jpg,5.79
RPi_X25519\frame_281.jpg,5.79
RPi_X25519\frame_282.jpg,5.79
RPi_X25519\frame_283.jpg,5.75
RPi_X25519\frame_284.jpg,5.75
RPi_X25519\frame_285.jpg,5.75
RPi_X25519\frame_286.jpg,5.75
RPi_X25519\frame_287.jpg,5.75
RPi_X25519\frame_288.jpg,5.75
RPi_X25519\frame_289.jpg,5.75
RPi_X25519\frame_290.jpg,5.75
RPi_X25519\frame_291.jpg,5.75
RPi_X25519\frame_292.jpg,5.75
RPi_X25519\frame_293.jpg,5.75
RPi_X25519\frame_294.jpg,5.75
RPi_X25519\frame_295.jpg,5.75
RPi_X25519\frame_296.jpg,5.75
RPi_X25519\frame_297.jpg,5.75
RPi_X25519\frame_298.jpg,5.75
RPi_X25519\frame_299.jpg,5.75
RPi_X25519\frame_300.jpg,5.75
RPi_X25519\frame_301.jpg,5.75
RPi_X25519\frame_302.jpg,5.75
RPi_X25519\frame_303.jpg,5.75
RPi_X25519\frame_304.jpg,5.75
RPi_X25519\frame_305.jpg,5.75
RPi_X25519\frame_306.jpg,5.75
RPi_X25519\frame_307.jpg,5.75
RPi_X25519\frame_308.jpg,5.75
RPi_X25519\frame_309.jpg,5.75
RPi_X25519\frame_310.jpg,5.75
RPi_X25519\frame_311.jpg,5.75
RPi_X25519\frame_312.jpg,5.75
RPi_X25519\frame_313.jpg,5.76
RPi_X25519\frame_314.jpg,5.76
RPi_X25519\frame_315.jpg,5.76
RPi_X25519\frame_316.jpg,5.76
RPi_X25519\frame_317.jpg,5.76
RPi_X25519\frame_318.jpg,5.76
RPi_X25519\frame_319.jpg,5.76
RPi_X25519\frame_320.jpg,5.76
RPi_X25519\frame_321.jpg,5.76
RPi_X25519\frame_322.jpg,5.76
RPi_X25519\frame_323.jpg,5.76
RPi_X25519\frame_324.jpg,5.76
RPi_X25519\frame_325.jpg,5.76
RPi_X25519\frame_326.jpg,5.76
RPi_X25519\frame_327.jpg,5.76
RPi_X25519\frame_328.jpg,5.75
RPi_X25519\frame_329.jpg,5.75
RPi_X25519\frame_330.jpg,5.75
RPi_X25519\frame_331.jpg,5.75
RPi_X25519\frame_332.jpg,5.75
RPi_X25519\frame_333.jpg,5.75
RPi_X25519\frame_334.jpg,5.75
RPi_X25519\frame_335.jpg,5.75
RPi_X25519\frame_336.jpg,5.75
RPi_X25519\frame_337.jpg,5.75
RPi_X25519\frame_338.jpg,5.75
RPi_X25519\frame_339.jpg,5.75
RPi_X25519\frame_340.jpg,5.75
RPi_X25519\frame_341.jpg,5.75
RPi_X25519\frame_342.jpg,5.75
RPi_X25519\frame_343.jpg,5.75
RPi_X25519\frame_344.jpg,5.74
RPi_X25519\frame_345.jpg,5.74
RPi_X25519\frame_346.jpg,5.74
RPi_X25519\frame_347.jpg,5.74
RPi_X25519\frame_348.jpg,5.74
RPi_X25519\frame_349.jpg,5.74
RPi_X25519\frame_350.jpg,5.74
RPi_X25519\frame_351.jpg,5.74
RPi_X25519\frame_352.jpg,5.74
RPi_X25519\frame_353.jpg,5.74
RPi_X25519\frame_354.jpg,5.74
RPi_X25519\frame_355.jpg,5.74
RPi_X25519\frame_356.jpg,5.74
RPi_X25519\frame_357.jpg,5.74
RPi_X25519\frame_358.jpg,5.29
RPi_X25519\frame_359.jpg,5.80
RPi_X25519\frame_360.jpg,5.80
RPi_X25519\frame_361.jpg,5.80
RPi_X25519\frame_362.jpg,5.80
RPi_X25519\frame_363.jpg,5.80
RPi_X25519\frame_364.jpg,5.80
RPi_X25519\frame_365.jpg,5.80
RPi_X25519\frame_366.jpg,5.80
RPi_X25519\frame_367.jpg,5.80
RPi_X25519\frame_368.jpg,5.80
RPi_X25519\frame_369.jpg,5.80
RPi_X25519\frame_370.jpg,5.80
RPi_X25519\frame_371.jpg,5.80
RPi_X25519\frame_372.jpg,5.80
RPi_X25519\frame_373.jpg,5.80
RPi_X25519\frame_374.jpg,5.75
RPi_X25519\frame_375.jpg,5.75
RPi_X25519\frame_376.jpg,5.75
RPi_X25519\frame_377.jpg,5.75
RPi_X25519\frame_378.jpg,5.75
RPi_X25519\frame_379.jpg,5.75
RPi_X25519\frame_380.jpg,5.75
RPi_X25519\frame_381.jpg,5.75
RPi_X25519\frame_382.jpg,5.75
RPi_X25519\frame_383.jpg,5.75
RPi_X25519\frame_384.jpg,5.75
RPi_X25519\frame_385.jpg,5.75
RPi_X25519\frame_386.jpg,5.75
RPi_X25519\frame_387.jpg,5.75
RPi_X25519\frame_388.jpg,5.75
RPi_X25519\frame_389.jpg,5.75
RPi_X25519\frame_390.jpg,5.75
RPi_X25519\frame_391.jpg,5.75
RPi_X25519\frame_392.jpg,5.75
RPi_X25519\frame_393.jpg,5.75
RPi_X25519\frame_394.jpg,5.75
RPi_X25519\frame_395.jpg,5.75
RPi_X25519\frame_396.jpg,5.75
RPi_X25519\frame_397.jpg,5.75
RPi_X25519\frame_398.jpg,5.75
RPi_X25519\frame_399.jpg,5.75
RPi_X25519\frame_400.jpg,5.75
RPi_X25519\frame_401.jpg,5.75
RPi_X25519\frame_402.jpg,5.75
RPi_X25519\frame_403.jpg,5.75
RPi_X25519\frame_404.jpg,5.74
RPi_X25519\frame_405.jpg,5.74
RPi_X25519\frame_406.jpg,5.74
RPi_X25519\frame_407.jpg,5.74
RPi_X25519\frame_408.jpg,5.74
RPi_X25519\frame_409.jpg,5.74
RPi_X25519\frame_410.jpg,5.74
RPi_X25519\frame_411.jpg,5.74
RPi_X25519\frame_412.jpg,5.74
RPi_X25519\frame_413.jpg,5.74
RPi_X25519\frame_414.jpg,5.74
RPi_X25519\frame_415.jpg,5.74
RPi_X25519\frame_416.jpg,5.74
RPi_X25519\frame_417.jpg,5.74
RPi_X25519\frame_418.jpg,5.74
RPi_X25519\frame_419.jpg,5.75
RPi_X25519\frame_420.jpg,5.75
RPi_X25519\frame_421.jpg,5.75
RPi_X25519\frame_422.jpg,5.75
RPi_X25519\frame_423.jpg,5.75
RPi_X25519\frame_424.jpg,5.75
RPi_X25519\frame_425.jpg,5.75
RPi_X25519\frame_426.jpg,5.75
RPi_X25519\frame_427.jpg,5.75
RPi_X25519\frame_428.jpg,5.75
RPi_X25519\frame_429.jpg,5.75
RPi_X25519\frame_430.jpg,5.75
RPi_X25519\frame_431.jpg,5.75
RPi_X25519\frame_432.jpg,5.75
RPi_X25519\frame_433.jpg,5.75
RPi_X25519\frame_434.jpg,5.78
RPi_X25519\frame_435.jpg,5.78
RPi_X25519\frame_436.jpg,5.78
RPi_X25519\frame_437.jpg,5.78
RPi_X25519\frame_438.jpg,5.78
RPi_X25519\frame_439.jpg,5.78
RPi_X25519\frame_440.jpg,5.78
RPi_X25519\frame_441.jpg,5.78
RPi_X25519\frame_442.jpg,5.78
RPi_X25519\frame_443.jpg,5.78
RPi_X25519\frame_444.jpg,5.78
RPi_X25519\frame_445.jpg,5.78
RPi_X25519\frame_446.jpg,5.78
RPi_X25519\frame_447.jpg,5.78
RPi_X25519\frame_448.jpg,5.78
RPi_X25519\frame_449.jpg,5.76
RPi_X25519\frame_450.jpg,5.76
RPi_X25519\frame_451.jpg,5.76
RPi_X25519\frame_452.jpg,5.76
RPi_X25519\frame_453.jpg,5.76
RPi_X25519\frame_454.jpg,5.76
RPi_X25519\frame_455.jpg,5.76
RPi_X25519\frame_456.jpg,5.76
RPi_X25519\frame_457.jpg,5.76
RPi_X25519\frame_458.jpg,5.76
RPi_X25519\frame_459.jpg,5.76
RPi_X25519\frame_460.jpg,5.76
RPi_X25519\frame_461.jpg,5.76
RPi_X25519\frame_462.jpg,5.76
RPi_X25519\frame_463.jpg,5.76
RPi_X25519\frame_464.jpg,5.86
RPi_X25519\frame_465.jpg,5.80
RPi_X25519\frame_466.jpg,5.80
RPi_X25519\frame_467.jpg,5.80
RPi_X25519\frame_468.jpg,5.80
RPi_X25519\frame_469.jpg,5.80
RPi_X25519\frame_470.jpg,5.80
RPi_X25519\frame_471.jpg,5.80
RPi_X25519\frame_472.jpg,5.80
RPi_X25519\frame_473.jpg,5.80
RPi_X25519\frame_474.jpg,5.80
RPi_X25519\frame_475.jpg,5.80
RPi_X25519\frame_476.jpg,5.80
RPi_X25519\frame_477.jpg,5.80
RPi_X25519\frame_478.jpg,5.80
RPi_X25519\frame_479.jpg,5.80
RPi_X25519\frame_480.jpg,5.76
RPi_X25519\frame_481.jpg,5.76
RPi_X25519\frame_482.jpg,5.76
RPi_X25519\frame_483.jpg,5.76
RPi_X25519\frame_484.jpg,5.76
RPi_X25519\frame_485.jpg,5.76
RPi_X25519\frame_486.jpg,5.76
RPi_X25519\frame_487.jpg,5.76
RPi_X25519\frame_488.jpg,5.76
RPi_X25519\frame_489.jpg,5.76
RPi_X25519\frame_490.jpg,5.76
RPi_X25519\frame_491.jpg,5.76
RPi_X25519\frame_492.jpg,5.76
RPi_X25519\frame_493.jpg,5.76
RPi_X25519\frame_494.jpg,5.76
RPi_X25519\frame_495.jpg,5.74
RPi_X25519\frame_496.jpg,5.74
RPi_X25519\frame_497.jpg,5.74
RPi_X25519\frame_498.jpg,5.74
RPi_X25519\frame_499.jpg,5.74
RPi_X25519\frame_500.jpg,5.74
RPi_X25519\frame_501.jpg,5.74
RPi_X25519\frame_502.jpg,5.74
RPi_X25519\frame_503.jpg,5.74
RPi_X25519\frame_504.jpg,5.74
RPi_X25519\frame_505.jpg,5.74
RPi_X25519\frame_506.jpg,5.74
RPi_X25519\frame_507.jpg,5.74
RPi_X25519\frame_508.jpg,5.74
RPi_X25519\frame_509.jpg,5.74
RPi_X25519\frame_510.jpg,5.75
RPi_X25519\frame_511.jpg,5.75
RPi_X25519\frame_512.jpg,5.75
RPi_X25519\frame_513.jpg,5.75
RPi_X25519\frame_514.jpg,5.75
RPi_X25519\frame_515.jpg,5.75
RPi_X25519\frame_516.jpg,5.75
RPi_X25519\frame_517.jpg,5.75
RPi_X25519\frame_518.jpg,5.75
RPi_X25519\frame_519.jpg,5.75
RPi_X25519\frame_520.jpg,5.75
RPi_X25519\frame_521.jpg,5.75
RPi_X25519\frame_522.jpg,5.75
RPi_X25519\frame_523.jpg,5.75
RPi_X25519\frame_524.jpg,5.75
RPi_X25519\frame_525.jpg,5.77
RPi_X25519\frame_526.jpg,5.77
RPi_X25519\frame_527.jpg,5.77
RPi_X25519\frame_528.jpg,5.77
RPi_X25519\frame_529.jpg,5.77
RPi_X25519\frame_530.jpg,5.77
RPi_X25519\frame_531.jpg,5.77
RPi_X25519\frame_532.jpg,5.77
RPi_X25519\frame_533.jpg,5.77
RPi_X25519\frame_534.jpg,5.77
RPi_X25519\frame_535.jpg,5.77
RPi_X25519\frame_536.jpg,5.77
RPi_X25519\frame_537.jpg,5.77
RPi_X25519\frame_538.jpg,5.77
RPi_X25519\frame_539.jpg,5.77
RPi_X25519\frame_540.jpg,5.76
RPi_X25519\frame_541.jpg,5.76
RPi_X25519\frame_542.jpg,5.76
RPi_X25519\frame_543.jpg,5.76
RPi_X25519\frame_544.jpg,5.76
RPi_X25519\frame_545.jpg,5.76
RPi_X25519\frame_546.jpg,5.76
RPi_X25519\frame_547.jpg,5.76
RPi_X25519\frame_548.jpg,5.76
RPi_X25519\frame_549.jpg,5.76
RPi_X25519\frame_550.jpg,5.76
RPi_X25519\frame_551.jpg,5.76
RPi_X25519\frame_552.jpg,5.76
RPi_X25519\frame_553.jpg,5.76
RPi_X25519\frame_554.jpg,5.76
RPi_X25519\frame_555.jpg,5.76
RPi_X25519\frame_556.jpg,5.75
RPi_X25519\frame_557.jpg,5.75
RPi_X25519\frame_558.jpg,5.75
RPi_X25519\frame_559.jpg,5.75
RPi_X25519\frame_560.jpg,5.75
RPi_X25519\frame_561.jpg,5.75
RPi_X25519\frame_562.jpg,5.75
RPi_X25519\frame_563.jpg,5.75
RPi_X25519\frame_564.jpg,5.75
RPi_X25519\frame_565.jpg,5.75
RPi_X25519\frame_566.jpg,5.75
RPi_X25519\frame_567.jpg,5.75
RPi_X25519\frame_568.jpg,5.75
RPi_X25519\frame_569.jpg,5.75
RPi_X25519\frame_570.jpg,5.75
RPi_X25519\frame_571.jpg,5.75
RPi_X25519\frame_572.jpg,5.75
RPi_X25519\frame_573.jpg,5.75
RPi_X25519\frame_574.jpg,5.75
RPi_X25519\frame_575.jpg,5.75
RPi_X25519\frame_576.jpg,5.75
RPi_X25519\frame_577.jpg,5.75
RPi_X25519\frame_578.jpg,5.75
RPi_X25519\frame_579.jpg,5.75
RPi_X25519\frame_580.jpg,5.75
RPi_X25519\frame_581.jpg,5.75
RPi_X25519\frame_582.jpg,5.75
RPi_X25519\frame_583.jpg,5.75
RPi_X25519\frame_584.jpg,5.75
RPi_X25519\frame_585.jpg,5.75
RPi_X25519\frame_586.jpg,5.74
RPi_X25519\frame_587.jpg,5.74
RPi_X25519\frame_588.jpg,5.74
RPi_X25519\frame_589.jpg,5.74
RPi_X25519\frame_590.jpg,5.74
RPi_X25519\frame_591.jpg,5.74
RPi_X25519\frame_592.jpg,5.74
RPi_X25519\frame_593.jpg,5.74
RPi_X25519\frame_594.jpg,5.74
RPi_X25519\frame_595.jpg,5.74
RPi_X25519\frame_596.jpg,5.74
RPi_X25519\frame_597.jpg,5.74
RPi_X25519\frame_598.jpg,5.74
RPi_X25519\frame_599.jpg,5.74
RPi_X25519\frame_600.jpg,5.74
RPi_X25519\frame_601.jpg,5.77
RPi_X25519\frame_602.jpg,5.77
RPi_X25519\frame_603.jpg,5.77
RPi_X25519\frame_604.jpg,5.77
RPi_X25519\frame_605.jpg,5.77
RPi_X25519\frame_606.jpg,5.77
RPi_X25519\frame_607.jpg,5.77
RPi_X25519\frame_608.jpg,5.77
RPi_X25519\frame_609.jpg,5.77
RPi_X25519\frame_610.jpg,5.77
RPi_X25519\frame_611.jpg,5.77
RPi_X25519\frame_612.jpg,5.77
RPi_X25519\frame_613.jpg,5.77
RPi_X25519\frame_614.jpg,5.77
RPi_X25519\frame_615.jpg,5.77
RPi_X25519\frame_616.jpg,5.79
RPi_X25519\frame_617.jpg,5.79
RPi_X25519\frame_618.jpg,5.79
RPi_X25519\frame_619.jpg,5.79
RPi_X25519\frame_620.jpg,5.79
RPi_X25519\frame_621.jpg,5.79
RPi_X25519\frame_622.jpg,5.79
RPi_X25519\frame_623.jpg,5.79
RPi_X25519\frame_624.jpg,5.79
RPi_X25519\frame_625.jpg,5.79
RPi_X25519\frame_626.jpg,5.79
RPi_X25519\frame_627.jpg,5.79
RPi_X25519\frame_628.jpg,5.79
RPi_X25519\frame_629.jpg,5.79
RPi_X25519\frame_630.jpg,5.79
RPi_X25519\frame_631.jpg,5.76
RPi_X25519\frame_632.jpg,5.76
RPi_X25519\frame_633.jpg,5.76
RPi_X25519\frame_634.jpg,5.76
RPi_X25519\frame_635.jpg,5.76
RPi_X25519\frame_636.jpg,5.76
RPi_X25519\frame_637.jpg,5.76
RPi_X25519\frame_638.jpg,5.76
RPi_X25519\frame_639.jpg,5.76
RPi_X25519\frame_640.jpg,5.76
RPi_X25519\frame_641.jpg,5.76
RPi_X25519\frame_642.jpg,5.76
RPi_X25519\frame_643.jpg,5.76
RPi_X25519\frame_644.jpg,5.76
RPi_X25519\frame_645.jpg,5.76
RPi_X25519\frame_646.jpg,5.75
RPi_X25519\frame_647.jpg,5.75
RPi_X25519\frame_648.jpg,5.75
RPi_X25519\frame_649.jpg,5.75
RPi_X25519\frame_650.jpg,5.75
RPi_X25519\frame_651.jpg,5.75
RPi_X25519\frame_652.jpg,5.75
RPi_X25519\frame_653.jpg,5.75
RPi_X25519\frame_654.jpg,5.75
RPi_X25519\frame_655.jpg,5.75
RPi_X25519\frame_656.jpg,5.75
RPi_X25519\frame_657.jpg,5.75
RPi_X25519\frame_658.jpg,5.75
RPi_X25519\frame_659.jpg,5.75
RPi_X25519\frame_660.jpg,5.75
RPi_X25519\frame_661.jpg,5.75
RPi_X25519\frame_662.jpg,5.75
RPi_X25519\frame_663.jpg,5.75
RPi_X25519\frame_664.jpg,5.75
RPi_X25519\frame_665.jpg,5.75
RPi_X25519\frame_666.jpg,5.75
RPi_X25519\frame_667.jpg,5.75
RPi_X25519\frame_668.jpg,5.75
RPi_X25519\frame_669.jpg,5.75
RPi_X25519\frame_670.jpg,5.75
RPi_X25519\frame_671.jpg,5.75
RPi_X25519\frame_672.jpg,5.75
RPi_X25519\frame_673.jpg,5.75
RPi_X25519\frame_674.jpg,5.75
RPi_X25519\frame_675.jpg,5.75
RPi_X25519\frame_676.jpg,5.75
RPi_X25519\frame_677.jpg,5.74
RPi_X25519\frame_678.jpg,5.74
RPi_X25519\frame_679.jpg,5.74
RPi_X25519\frame_680.jpg,5.74
RPi_X25519\frame_681.jpg,5.74
RPi_X25519\frame_682.jpg,5.74
RPi_X25519\frame_683.jpg,5.74
RPi_X25519\frame_684.jpg,5.74
RPi_X25519\frame_685.jpg,5.74
RPi_X25519\frame_686.jpg,5.74
RPi_X25519\frame_687.jpg,5.74
RPi_X25519\frame_688.jpg,5.74
RPi_X25519\frame_689.jpg,5.74
RPi_X25519\frame_690.jpg,5.74
RPi_X25519\frame_691.jpg,5.74
RPi_X25519\frame_692.jpg,5.76
RPi_X25519\frame_693.jpg,5.76
RPi_X25519\frame_694.jpg,5.76
RPi_X25519\frame_695.jpg,5.76
RPi_X25519\frame_696.jpg,5.76
RPi_X25519\frame_697.jpg,5.76
RPi_X25519\frame_698.jpg,5.76
RPi_X25519\frame_699.jpg,5.76
RPi_X25519\frame_700.jpg,5.76
RPi_X25519\frame_701.jpg,5.76
RPi_X25519\frame_702.jpg,5.76
RPi_X25519\frame_703.jpg,5.76
RPi_X25519\frame_704.jpg,5.76
RPi_X25519\frame_705.jpg,5.76
RPi_X25519\frame_706.jpg,5.76
RPi_X25519\frame_707.jpg,5.75
RPi_X25519\frame_708.jpg,5.75
RPi_X25519\frame_709.jpg,5.75
RPi_X25519\frame_710.jpg,5.75
RPi_X25519\frame_711.jpg,5.75
RPi_X25519\frame_712.jpg,5.75
RPi_X25519\frame_713.jpg,5.75
RPi_X25519\frame_714.jpg,5.75
RPi_X25519\frame_715.jpg,5.75
RPi_X25519\frame_716.jpg,5.75
RPi_X25519\frame_717.jpg,5.75
RPi_X25519\frame_718.jpg,5.75
RPi_X25519\frame_719.jpg,5.75
RPi_X25519\frame_720.jpg,5.75
RPi_X25519\frame_721.jpg,5.75
RPi_X25519\frame_722.jpg,5.76
RPi_X25519\frame_723.jpg,5.76
RPi_X25519\frame_724.jpg,5.76
RPi_X25519\frame_725.jpg,5.76
RPi_X25519\frame_726.jpg,5.76
RPi_X25519\frame_727.jpg,5.76
RPi_X25519\frame_728.jpg,5.76
RPi_X25519\frame_729.jpg,5.76
RPi_X25519\frame_730.jpg,5.76
RPi_X25519\frame_731.jpg,5.76
RPi_X25519\frame_732.jpg,5.76
RPi_X25519\frame_733.jpg,5.76
RPi_X25519\frame_734.jpg,5.76
RPi_X25519\frame_735.jpg,5.76
RPi_X25519\frame_736.jpg,5.76
RPi_X25519\frame_737.jpg,5.75
RPi_X25519\frame_738.jpg,5.75
RPi_X25519\frame_739.jpg,5.75
RPi_X25519\frame_740.jpg,5.75
RPi_X25519\frame_741.jpg,5.75
RPi_X25519\frame_742.jpg,5.75
RPi_X25519\frame_743.jpg,5.75
RPi_X25519\frame_744.jpg,5.75
RPi_X25519\frame_745.jpg,5.75
RPi_X25519\frame_746.jpg,5.75
RPi_X25519\frame_747.jpg,5.75
RPi_X25519\frame_748.jpg,5.75
RPi_X25519\frame_749.jpg,5.75
RPi_X25519\frame_750.jpg,5.75
RPi_X25519\frame_751.jpg,5.75
RPi_X25519\frame_752.jpg,5.75
RPi_X25519\frame_753.jpg,5.75
RPi_X25519\frame_754.jpg,5.75
RPi_X25519\frame_755.jpg,5.75
RPi_X25519\frame_756.jpg,5.75
RPi_X25519\frame_757.jpg,5.75
RPi_X25519\frame_758.jpg,5.75
RPi_X25519\frame_759.jpg,5.75
RPi_X25519\frame_760.jpg,5.75
RPi_X25519\frame_761.jpg,5.75
RPi_X25519\frame_762.jpg,5.75
RPi_X25519\frame_763.jpg,5.75
RPi_X25519\frame_764.jpg,5.75
RPi_X25519\frame_765.jpg,5.75
RPi_X25519\frame_766.jpg,5.75
RPi_X25519\frame_767.jpg,5.78
RPi_X25519\frame_768.jpg,5.78
RPi_X25519\frame_769.jpg,5.78
RPi_X25519\frame_770.jpg,5.78
RPi_X25519\frame_771.jpg,5.78
RPi_X25519\frame_772.jpg,5.78
RPi_X25519\frame_773.jpg,5.78
RPi_X25519\frame_774.jpg,5.8
RPi_X25519\frame_775.jpg,5.78
RPi_X25519\frame_776.jpg,5.78
RPi_X25519\frame_777.jpg,5.78
RPi_X25519\frame_778.jpg,5.78
RPi_X25519\frame_779.jpg,5.78
RPi_X25519\frame_780.jpg,5.78
RPi_X25519\frame_781.jpg,5.78
RPi_X25519\frame_782.jpg,5.78
RPi_X25519\frame_783.jpg,5.75
RPi_X25519\frame_784.jpg,5.75
RPi_X25519\frame_785.jpg,5.75
RPi_X25519\frame_786.jpg,5.75
RPi_X25519\frame_787.jpg,5.75
RPi_X25519\frame_788.jpg,5.75
RPi_X25519\frame_789.jpg,5.75
RPi_X25519\frame_790.jpg,5.75
RPi_X25519\frame_791.jpg,5.75
RPi_X25519\frame_792.jpg,5.75
RPi_X25519\frame_793.jpg,5.75
RPi_X25519\frame_794.jpg,5.75
RPi_X25519\frame_795.jpg,5.75
RPi_X25519\frame_796.jpg,5.75
RPi_X25519\frame_797.jpg,5.75
RPi_X25519\frame_798.jpg,5.75
RPi_X25519\frame_799.jpg,5.75
RPi_X25519\frame_800.jpg,5.75
RPi_X25519\frame_801.jpg,5.75
RPi_X25519\frame_802.jpg,5.75
RPi_X25519\frame_803.jpg,5.75
RPi_X25519\frame_804.jpg,5.75
RPi_X25519\frame_805.jpg,5.75
RPi_X25519\frame_806.jpg,5.75
RPi_X25519\frame_807.jpg,5.75
RPi_X25519\frame_808.jpg,5.75
RPi_X25519\frame_809.jpg,5.75
RPi_X25519\frame_810.jpg,5.75
RPi_X25519\frame_811.jpg,5.75
RPi_X25519\frame_812.jpg,5.75
RPi_X25519\frame_813.jpg,5.76
RPi_X25519\frame_814.jpg,5.76
RPi_X25519\frame_815.jpg,5.76
RPi_X25519\frame_816.jpg,5.76
RPi_X25519\frame_817.jpg,5.76
RPi_X25519\frame_818.jpg,5.76
RPi_X25519\frame_819.jpg,5.76
RPi_X25519\frame_820.jpg,5.76
RPi_X25519\frame_821.jpg,5.76
RPi_X25519\frame_822.jpg,5.76
RPi_X25519\frame_823.jpg,5.76
RPi_X25519\frame_824.jpg,5.76
RPi_X25519\frame_825.jpg,5.76
RPi_X25519\frame_826.jpg,5.76
RPi_X25519\frame_827.jpg,5.76
RPi_X25519\frame_828.jpg,5.76
RPi_X25519\frame_829.jpg,5.76
RPi_X25519\frame_830.jpg,5.76
RPi_X25519\frame_831.jpg,5.76
RPi_X25519\frame_832.jpg,5.76
RPi_X25519\frame_833.jpg,5.76
RPi_X25519\frame_834.jpg,5.76
RPi_X25519\frame_835.jpg,5.76
RPi_X25519\frame_836.jpg,5.76
RPi_X25519\frame_837.jpg,5.76
RPi_X25519\frame_838.jpg,5.76
RPi_X25519\frame_839.jpg,5.76
RPi_X25519\frame_840.jpg,5.76
RPi_X25519\frame_841.jpg,5.76
RPi_X25519\frame_842.jpg,5.76
RPi_X25519\frame_843.jpg,5.76
RPi_X25519\frame_844.jpg,5.76
RPi_X25519\frame_845.jpg,5.76
RPi_X25519\frame_846.jpg,5.76
RPi_X25519\frame_847.jpg,5.76
RPi_X25519\frame_848.jpg,5.76
RPi_X25519\frame_849.jpg,5.76
RPi_X25519\frame_850.jpg,5.76
RPi_X25519\frame_851.jpg,5.76
RPi_X25519\frame_852.jpg,5.76
RPi_X25519\frame_853.jpg,5.76
RPi_X25519\frame_854.jpg,5.76
RPi_X25519\frame_855.jpg,5.76
RPi_X25519\frame_856.jpg,5.76
RPi_X25519\frame_857.jpg,5.76
RPi_X25519\frame_858.jpg,5.768
RPi_X25519\frame_859.jpg,5.79
RPi_X25519\frame_860.jpg,5.79
RPi_X25519\frame_861.jpg,5.79
RPi_X25519\frame_862.jpg,5.79
RPi_X25519\frame_863.jpg,5.79
RPi_X25519\frame_864.jpg,5.79
RPi_X25519\frame_865.jpg,5.79
RPi_X25519\frame_866.jpg,5.79
RPi_X25519\frame_867.jpg,5.79
RPi_X25519\frame_868.jpg,5.79
RPi_X25519\frame_869.jpg,5.79
RPi_X25519\frame_870.jpg,5.79
RPi_X25519\frame_871.jpg,5.79
RPi_X25519\frame_872.jpg,5.79
RPi_X25519\frame_873.jpg,5.79
RPi_X25519\frame_874.jpg,5.75
RPi_X25519\frame_875.jpg,5.75
RPi_X25519\frame_876.jpg,5.75
RPi_X25519\frame_877.jpg,5.75
RPi_X25519\frame_878.jpg,5.75
RPi_X25519\frame_879.jpg,5.75
RPi_X25519\frame_880.jpg,5.75
RPi_X25519\frame_881.jpg,5.75
RPi_X25519\frame_882.jpg,5.75
RPi_X25519\frame_883.jpg,5.75
RPi_X25519\frame_884.jpg,5.75
RPi_X25519\frame_885.jpg,5.75
RPi_X25519\frame_886.jpg,5.75
RPi_X25519\frame_887.jpg,5.75
RPi_X25519\frame_888.jpg,5.75
RPi_X25519\frame_889.jpg,5.76
RPi_X25519\frame_890.jpg,5.76
RPi_X25519\frame_891.jpg,5.76
RPi_X25519\frame_892.jpg,5.76
RPi_X25519\frame_893.jpg,5.76
RPi_X25519\frame_894.jpg,5.76
RPi_X25519\frame_895.jpg,5.76
RPi_X25519\frame_896.jpg,5.76
RPi_X25519\frame_897.jpg,5.76
RPi_X25519\frame_898.jpg,5.76
RPi_X25519\frame_899.jpg,5.76
RPi_X25519\frame_900.jpg,5.76
RPi_X25519\frame_901.jpg,5.76
RPi_X25519\frame_902.jpg,5.76
RPi_X25519\frame_903.jpg,5.76
RPi_X25519\frame_904.jpg,5.75
RPi_X25519\frame_905.jpg,5.75
RPi_X25519\frame_906.jpg,5.75
RPi_X25519\frame_907.jpg,5.75
RPi_X25519\frame_908.jpg,5.75
RPi_X25519\frame_909.jpg,5.75
RPi_X25519\frame_910.jpg,5.75
RPi_X25519\frame_911.jpg,5.75
RPi_X25519\frame_912.jpg,5.75
RPi_X25519\frame_913.jpg,5.75
RPi_X25519\frame_914.jpg,5.75
RPi_X25519\frame_915.jpg,5.75
RPi_X25519\frame_916.jpg,5.75
RPi_X25519\frame_917.jpg,5.75
RPi_X25519\frame_918.jpg,5.75
RPi_X25519\frame_919.jpg,5.77
RPi_X25519\frame_920.jpg,5.77
RPi_X25519\frame_921.jpg,5.77
RPi_X25519\frame_922.jpg,5.77
RPi_X25519\frame_923.jpg,5.77
RPi_X25519\frame_924.jpg,5.77
RPi_X25519\frame_925.jpg,5.77
RPi_X25519\frame_926.jpg,5.77
RPi_X25519\frame_927.jpg,5.77
RPi_X25519\frame_928.jpg,5.77
RPi_X25519\frame_929.jpg,5.77
RPi_X25519\frame_930.jpg,5.77
RPi_X25519\frame_931.jpg,5.77
RPi_X25519\frame_932.jpg,5.77
RPi_X25519\frame_933.jpg,5.77
RPi_X25519\frame_934.jpg,5.80
RPi_X25519\frame_935.jpg,5.80
RPi_X25519\frame_936.jpg,5.80
RPi_X25519\frame_937.jpg,5.80
RPi_X25519\frame_938.jpg,5.80
RPi_X25519\frame_939.jpg,5.80
RPi_X25519\frame_940.jpg,5.80
RPi_X25519\frame_941.jpg,5.80
RPi_X25519\frame_942.jpg,5.80
RPi_X25519\frame_943.jpg,5.80
RPi_X25519\frame_944.jpg,5.80
RPi_X25519\frame_945.jpg,5.80
RPi_X25519\frame_946.jpg,5.80
RPi_X25519\frame_947.jpg,5.80
RPi_X25519\frame_948.jpg,5.80
RPi_X25519\frame_949.jpg,5.76
RPi_X25519\frame_950.jpg,5.76
RPi_X25519\frame_951.jpg,5.76
RPi_X25519\frame_952.jpg,5.76
RPi_X25519\frame_953.jpg,5.76
RPi_X25519\frame_954.jpg,5.76
RPi_X25519\frame_955.jpg,5.76
RPi_X25519\frame_956.jpg,5.76
RPi_X25519\frame_957.jpg,5.76
RPi_X25519\frame_958.jpg,5.76
RPi_X25519\frame_959.jpg,5.76
RPi_X25519\frame_960.jpg,5.76
RPi_X25519\frame_961.jpg,5.76
RPi_X25519\frame_962.jpg,5.76
RPi_X25519\frame_963.jpg,5.76
RPi_X25519\frame_964.jpg,5.75
RPi_X25519\frame_965.jpg,5.75
RPi_X25519\frame_966.jpg,5.75
RPi_X25519\frame_967.jpg,5.75
RPi_X25519\frame_968.jpg,5.75
RPi_X25519\frame_969.jpg,5.75
RPi_X25519\frame_970.jpg,5.75
RPi_X25519\frame_971.jpg,5.75
RPi_X25519\frame_972.jpg,5.75
RPi_X25519\frame_973.jpg,5.75
RPi_X25519\frame_974.jpg,5.75
RPi_X25519\frame_975.jpg,5.75
RPi_X25519\frame_976.jpg,5.75
RPi_X25519\frame_977.jpg,5.75
RPi_X25519\frame_978.jpg,5.75
RPi_X25519\frame_979.jpg,5.75
RPi_X25519\frame_980.jpg,5.75
RPi_X25519\frame_981.jpg,5.75
RPi_X25519\frame_982.jpg,5.75
RPi_X25519\frame_983.jpg,5.75
RPi_X25519\frame_984.jpg,5.75
RPi_X25519\frame_985.jpg,5.75
RPi_X25519\frame_986.jpg,5.75
RPi_X25519\frame_987.jpg,5.75
RPi_X25519\frame_988.jpg,5.75
RPi_X25519\frame_989.jpg,5.75
RPi_X25519\frame_990.jpg,5.75
RPi_X25519\frame_991.jpg,5.75
RPi_X25519\frame_992.jpg,5.75
RPi_X25519\frame_993.jpg,5.75
RPi_X25519\frame_994.jpg,5.765
RPi_X25519\frame_995.jpg,5.76
RPi_X25519\frame_996.jpg,5.76
RPi_X25519\frame_997.jpg,5.76
RPi_X25519\frame_998.jpg,5.76
RPi_X25519\frame_999.jpg,5.76
RPi_X25519\frame_1000.jpg,5.76
RPi_X25519\frame_1001.jpg,5.76
RPi_X25519\frame_1002.jpg,5.76
RPi_X25519\frame_1003.jpg,5.76
RPi_X25519\frame_1004.jpg,5.76
RPi_X25519\frame_1005.jpg,5.76
RPi_X25519\frame_1006.jpg,5.76
RPi_X25519\frame_1007.jpg,5.76
RPi_X25519\frame_1008.jpg,5.76
RPi_X25519\frame_1009.jpg,5.76
RPi_X25519\frame_1010.jpg,5.76
RPi_X25519\frame_1011.jpg,5.76
RPi_X25519\frame_1012.jpg,5.76
RPi_X25519\frame_1013.jpg,5.76
RPi_X25519\frame_1014.jpg,5.76
RPi_X25519\frame_1015.jpg,5.76
RPi_X25519\frame_1016.jpg,5.76
RPi_X25519\frame_1017.jpg,5.76
RPi_X25519\frame_1018.jpg,5.76
RPi_X25519\frame_1019.jpg,5.76
RPi_X25519\frame_1020.jpg,5.76
RPi_X25519\frame_1021.jpg,5.76
RPi_X25519\frame_1022.jpg,5.76
RPi_X25519\frame_1023.jpg,5.76
RPi_X25519\frame_1024.jpg,5.76
RPi_X25519\frame_1025.jpg,5.77
RPi_X25519\frame_1026.jpg,5.77
RPi_X25519\frame_1027.jpg,5.77
RPi_X25519\frame_1028.jpg,5.77
RPi_X25519\frame_1029.jpg,5.77
RPi_X25519\frame_1030.jpg,5.77
RPi_X25519\frame_1031.jpg,5.77
RPi_X25519\frame_1032.jpg,5.77
RPi_X25519\frame_1033.jpg,5.77
RPi_X25519\frame_1034.jpg,5.77
RPi_X25519\frame_1035.jpg,5.77
RPi_X25519\frame_1036.jpg,5.77
RPi_X25519\frame_1037.jpg,5.77
RPi_X25519\frame_1038.jpg,5.77
RPi_X25519\frame_1039.jpg,5.77
RPi_X25519\frame_1040.jpg,5.75
RPi_X25519\frame_1041.jpg,5.75
RPi_X25519\frame_1042.jpg,5.75
RPi_X25519\frame_1043.jpg,5.75
RPi_X25519\frame_1044.jpg,5.75
RPi_X25519\frame_1045.jpg,5.75
RPi_X25519\frame_1046.jpg,5.75
RPi_X25519\frame_1047.jpg,5.75
RPi_X25519\frame_1048.jpg,5.75
RPi_X25519\frame_1049.jpg,5.75
RPi_X25519\frame_1050.jpg,5.75
RPi_X25519\frame_1051.jpg,5.75
RPi_X25519\frame_1052.jpg,5.75
RPi_X25519\frame_1053.jpg,5.75
RPi_X25519\frame_1054.jpg,5.75
RPi_X25519\frame_1055.jpg,5.75
RPi_X25519\frame_1056.jpg,5.75
RPi_X25519\frame_1057.jpg,5.75
RPi_X25519\frame_1058.jpg,5.75
RPi_X25519\frame_1059.jpg,5.75
RPi_X25519\frame_1060.jpg,5.75
RPi_X25519\frame_1061.jpg,5.75
RPi_X25519\frame_1062.jpg,5.75
RPi_X25519\frame_1063.jpg,5.75
RPi_X25519\frame_1064.jpg,5.75
RPi_X25519\frame_1065.jpg,5.75
RPi_X25519\frame_1066.jpg,5.75
RPi_X25519\frame_1067.jpg,5.75
RPi_X25519\frame_1068.jpg,5.75
RPi_X25519\frame_1069.jpg,5.75
RPi_X25519\frame_1070.jpg,5.71
RPi_X25519\frame_1071.jpg,5.71
RPi_X25519\frame_1072.jpg,RPi_X25519\frame_1073.jpg,5.71
RPi_X25519\frame_1074.jpg,5.71
RPi_X25519\frame_1075.jpg,RPi_X25519\frame_1076.jpg,5.71
RPi_X25519\frame_1077.jpg,5.71
RPi_X25519\frame_1078.jpg,5.71
RPi_X25519\frame_1079.jpg,5.71
RPi_X25519\frame_1080.jpg,5.71
RPi_X25519\frame_1081.jpg,5.71
RPi_X25519\frame_1082.jpg,5.71
RPi_X25519\frame_1083.jpg,5.71
RPi_X25519\frame_1084.jpg,5.71
RPi_X25519\frame_1085.jpg,5.81
RPi_X25519\frame_1086.jpg,5.81
RPi_X25519\frame_1087.jpg,5.81
RPi_X25519\frame_1088.jpg,5.81
RPi_X25519\frame_1089.jpg,5.81
RPi_X25519\frame_1090.jpg,5.81
RPi_X25519\frame_1091.jpg,5.81
RPi_X25519\frame_1092.jpg,5.81
RPi_X25519\frame_1093.jpg,5.81
RPi_X25519\frame_1094.jpg,5.81
RPi_X25519\frame_1095.jpg,5.81
RPi_X25519\frame_1096.jpg,5.81
RPi_X25519\frame_1097.jpg,5.81
RPi_X25519\frame_1098.jpg,5.81
RPi_X25519\frame_1099.jpg,5.81
RPi_X25519\frame_1100.jpg,5.88
RPi_X25519\frame_1101.jpg,5.78
RPi_X25519\frame_1102.jpg,5.78
RPi_X25519\frame_1103.jpg,5.78
RPi_X25519\frame_1104.jpg,5.78
RPi_X25519\frame_1105.jpg,5.78
RPi_X25519\frame_1106.jpg,5.78
RPi_X25519\frame_1107.jpg,5.78
RPi_X25519\frame_1108.jpg,5.78
RPi_X25519\frame_1109.jpg,5.78
RPi_X25519\frame_1110.jpg,5.78
RPi_X25519\frame_1111.jpg,5.78
RPi_X25519\frame_1112.jpg,5.78
RPi_X25519\frame_1113.jpg,5.78
RPi_X25519\frame_1114.jpg,5.78
RPi_X25519\frame_1115.jpg,5.78
RPi_X25519\frame_1116.jpg,5.76
RPi_X25519\frame_1117.jpg,5.76
RPi_X25519\frame_1118.jpg,5.76
RPi_X25519\frame_1119.jpg,5.76
RPi_X25519\frame_1120.jpg,5.76
RPi_X25519\frame_1121.jpg,5.76
RPi_X25519\frame_1122.jpg,5.76
RPi_X25519\frame_1123.jpg,5.76
RPi_X25519\frame_1124.jpg,5.76
RPi_X25519\frame_1125.jpg,5.76
RPi_X25519\frame_1126.jpg,5.76
RPi_X25519\frame_1127.jpg,5.76
RPi_X25519\frame_1128.jpg,5.76
RPi_X25519\frame_1129.jpg,5.76
RPi_X25519\frame_1130.jpg,5.76
RPi_X25519\frame_1131.jpg,5.76
RPi_X25519\frame_1132.jpg,5.76
RPi_X25519\frame_1133.jpg,5.76
RPi_X25519\frame_1134.jpg,5.76
RPi_X25519\frame_1135.jpg,5.76
RPi_X25519\frame_1136.jpg,5.76
RPi_X25519\frame_1137.jpg,5.76
RPi_X25519\frame_1138.jpg,5.76
RPi_X25519\frame_1139.jpg,5.76
RPi_X25519\frame_1140.jpg,5.76
RPi_X25519\frame_1141.jpg,5.76
RPi_X25519\frame_1142.jpg,5.76
RPi_X25519\frame_1143.jpg,5.76
RPi_X25519\frame_1144.jpg,5.76
RPi_X25519\frame_1145.jpg,5.76
RPi_X25519\frame_1146.jpg,5.76
RPi_X25519\frame_1147.jpg,5.76
RPi_X25519\frame_1148.jpg,5.76
RPi_X25519\frame_1149.jpg,5.76
RPi_X25519\frame_1150.jpg,5.76
RPi_X25519\frame_1151.jpg,5.76
RPi_X25519\frame_1152.jpg,5.76
RPi_X25519\frame_1153.jpg,5.76
RPi_X25519\frame_1154.jpg,5.76
RPi_X25519\frame_1155.jpg,5.76
RPi_X25519\frame_1156.jpg,5.76
RPi_X25519\frame_1157.jpg,5.76
RPi_X25519\frame_1158.jpg,5.76
RPi_X25519\frame_1159.jpg,5.76
RPi_X25519\frame_1160.jpg,5.76
RPi_X25519\frame_1161.jpg,5.75
RPi_X25519\frame_1162.jpg,5.75
RPi_X25519\frame_1163.jpg,5.75
RPi_X25519\frame_1164.jpg,5.75
RPi_X25519\frame_1165.jpg,5.75
RPi_X25519\frame_1166.jpg,5.75
RPi_X25519\frame_1167.jpg,5.75
RPi_X25519\frame_1168.jpg,5.75
RPi_X25519\frame_1169.jpg,5.75
RPi_X25519\frame_1170.jpg,5.75
RPi_X25519\frame_1171.jpg,5.75
RPi_X25519\frame_1172.jpg,5.75
RPi_X25519\frame_1173.jpg,5.75
RPi_X25519\frame_1174.jpg,5.75
RPi_X25519\frame_1175.jpg,5.75
RPi_X25519\frame_1176.jpg,5.73
RPi_X25519\frame_1177.jpg,5.77
RPi_X25519\frame_1178.jpg,5.77
RPi_X25519\frame_1179.jpg,5.77
RPi_X25519\frame_1180.jpg,5.77
RPi_X25519\frame_1181.jpg,5.77
RPi_X25519\frame_1182.jpg,5.77
RPi_X25519\frame_1183.jpg,5.77
RPi_X25519\frame_1184.jpg,5.77
RPi_X25519\frame_1185.jpg,5.77
RPi_X25519\frame_1186.jpg,5.77
RPi_X25519\frame_1187.jpg,5.77
RPi_X25519\frame_1188.jpg,5.77
RPi_X25519\frame_1189.jpg,5.77
RPi_X25519\frame_1190.jpg,5.77
RPi_X25519\frame_1191.jpg,5.72
RPi_X25519\frame_1192.jpg,5.76
RPi_X25519\frame_1193.jpg,5.76
RPi_X25519\frame_1194.jpg,5.76
RPi_X25519\frame_1195.jpg,5.76
RPi_X25519\frame_1196.jpg,5.76
RPi_X25519\frame_1197.jpg,5.76
RPi_X25519\frame_1198.jpg,5.76
RPi_X25519\frame_1199.jpg,5.76
RPi_X25519\frame_1200.jpg,5.76
RPi_X25519\frame_1201.jpg,5.76
RPi_X25519\frame_1202.jpg,5.76
RPi_X25519\frame_1203.jpg,5.76
RPi_X25519\frame_1204.jpg,5.76
RPi_X25519\frame_1205.jpg,5.76
RPi_X25519\frame_1206.jpg,5.76
RPi_X25519\frame_1207.jpg,5.75
RPi_X25519\frame_1208.jpg,5.75
RPi_X25519\frame_1209.jpg,5.75
RPi_X25519\frame_1210.jpg,5.75
RPi_X25519\frame_1211.jpg,5.75
RPi_X25519\frame_1212.jpg,5.75
RPi_X25519\frame_1213.jpg,5.75
RPi_X25519\frame_1214.jpg,5.75
RPi_X25519\frame_1215.jpg,5.75
RPi_X25519\frame_1216.jpg,5.75
RPi_X25519\frame_1217.jpg,5.75
RPi_X25519\frame_1218.jpg,5.75
RPi_X25519\frame_1219.jpg,5.75
RPi_X25519\frame_1220.jpg,5.75
RPi_X25519\frame_1221.jpg,5.75
RPi_X25519\frame_1222.jpg,5.80
RPi_X25519\frame_1223.jpg,5.80
RPi_X25519\frame_1224.jpg,5.80
RPi_X25519\frame_1225.jpg,5.80
RPi_X25519\frame_1226.jpg,5.80
RPi_X25519\frame_1227.jpg,5.80
RPi_X25519\frame_1228.jpg,5.80
RPi_X25519\frame_1229.jpg,5.80
RPi_X25519\frame_1230.jpg,5.80
RPi_X25519\frame_1231.jpg,5.80
RPi_X25519\frame_1232.jpg,5.80
RPi_X25519\frame_1233.jpg,5.80
RPi_X25519\frame_1234.jpg,5.80
RPi_X25519\frame_1235.jpg,5.80
RPi_X25519\frame_1236.jpg,5.80
RPi_X25519\frame_1237.jpg,5.76
RPi_X25519\frame_1238.jpg,5.76
RPi_X25519\frame_1239.jpg,5.76
RPi_X25519\frame_1240.jpg,5.76
RPi_X25519\frame_1241.jpg,5.76
RPi_X25519\frame_1242.jpg,5.76
RPi_X25519\frame_1243.jpg,5.76
RPi_X25519\frame_1244.jpg,5.76
RPi_X25519\frame_1245.jpg,5.76
RPi_X25519\frame_1246.jpg,5.76
RPi_X25519\frame_1247.jpg,5.76
RPi_X25519\frame_1248.jpg,5.76
RPi_X25519\frame_1249.jpg,5.76
RPi_X25519\frame_1250.jpg,5.76
RPi_X25519\frame_1251.jpg,5.76
RPi_X25519\frame_1252.jpg,5.75
RPi_X25519\frame_1253.jpg,5.75
RPi_X25519\frame_1254.jpg,5.75
RPi_X25519\frame_1255.jpg,5.75
RPi_X25519\frame_1256.jpg,5.75
RPi_X25519\frame_1257.jpg,5.75
RPi_X25519\frame_1258.jpg,5.75
RPi_X25519\frame_1259.jpg,5.75
RPi_X25519\frame_1260.jpg,5.75
RPi_X25519\frame_1261.jpg,5.75
RPi_X25519\frame_1262.jpg,5.75
RPi_X25519\frame_1263.jpg,5.75
RPi_X25519\frame_1264.jpg,5.75
RPi_X25519\frame_1265.jpg,5.75
RPi_X25519\frame_1266.jpg,5.75
RPi_X25519\frame_1267.jpg,5.79
RPi_X25519\frame_1268.jpg,5.79
RPi_X25519\frame_1269.jpg,5.79
RPi_X25519\frame_1270.jpg,5.79
RPi_X25519\frame_1271.jpg,5.79
RPi_X25519\frame_1272.jpg,5.79
RPi_X25519\frame_1273.jpg,5.79
RPi_X25519\frame_1274.jpg,5.79
RPi_X25519\frame_1275.jpg,5.79
RPi_X25519\frame_1276.jpg,5.79
RPi_X25519\frame_1277.jpg,5.79
RPi_X25519\frame_1278.jpg,5.79
RPi_X25519\frame_1279.jpg,5.79
RPi_X25519\frame_1280.jpg,5.79
RPi_X25519\frame_1281.jpg,5.79
RPi_X25519\frame_1282.jpg,5.76
RPi_X25519\frame_1283.jpg,5.76
RPi_X25519\frame_1284.jpg,5.76
RPi_X25519\frame_1285.jpg,5.76
RPi_X25519\frame_1286.jpg,5.76
RPi_X25519\frame_1287.jpg,5.76
RPi_X25519\frame_1288.jpg,5.76
RPi_X25519\frame_1289.jpg,5.76
RPi_X25519\frame_1290.jpg,5.76
RPi_X25519\frame_1291.jpg,5.76
RPi_X25519\frame_1292.jpg,5.76
RPi_X25519\frame_1293.jpg,5.76
RPi_X25519\frame_1294.jpg,5.76
RPi_X25519\frame_1295.jpg,5.76
RPi_X25519\frame_1296.jpg,5.76
RPi_X25519\frame_1297.jpg,5.76
RPi_X25519\frame_1298.jpg,5.76
RPi_X25519\frame_1299.jpg,5.76
RPi_X25519\frame_1300.jpg,5.76
RPi_X25519\frame_1301.jpg,5.76
RPi_X25519\frame_1302.jpg,5.76
RPi_X25519\frame_1303.jpg,5.76
RPi_X25519\frame_1304.jpg,5.76
RPi_X25519\frame_1305.jpg,5.76
RPi_X25519\frame_1306.jpg,5.76
RPi_X25519\frame_1307.jpg,5.76
RPi_X25519\frame_1308.jpg,5.76
RPi_X25519\frame_1309.jpg,5.76
RPi_X25519\frame_1310.jpg,5.76
RPi_X25519\frame_1311.jpg,5.76
RPi_X25519\frame_1312.jpg,5.76
RPi_X25519\frame_1313.jpg,5.76
RPi_X25519\frame_1314.jpg,5.76
RPi_X25519\frame_1315.jpg,5.76
RPi_X25519\frame_1316.jpg,5.76
RPi_X25519\frame_1317.jpg,5.76
RPi_X25519\frame_1318.jpg,5.76
RPi_X25519\frame_1319.jpg,5.76
RPi_X25519\frame_1320.jpg,5.76
RPi_X25519\frame_1321.jpg,5.76
RPi_X25519\frame_1322.jpg,5.76
RPi_X25519\frame_1323.jpg,5.76
RPi_X25519\frame_1324.jpg,5.76
RPi_X25519\frame_1325.jpg,5.76
RPi_X25519\frame_1326.jpg,5.76
RPi_X25519\frame_1327.jpg,5.76
RPi_X25519\frame_1328.jpg,5.75
RPi_X25519\frame_1329.jpg,5.75
RPi_X25519\frame_1330.jpg,5.75
RPi_X25519\frame_1331.jpg,5.75
RPi_X25519\frame_1332.jpg,5.75
RPi_X25519\frame_1333.jpg,5.75
RPi_X25519\frame_1334.jpg,5.75
RPi_X25519\frame_1335.jpg,5.75
RPi_X25519\frame_1336.jpg,5.75
RPi_X25519\frame_1337.jpg,5.75
RPi_X25519\frame_1338.jpg,5.75
RPi_X25519\frame_1339.jpg,5.75
RPi_X25519\frame_1340.jpg,5.75
RPi_X25519\frame_1341.jpg,5.75
RPi_X25519\frame_1342.jpg,5.75
RPi_X25519\frame_1343.jpg,4.66
RPi_X25519\frame_1344.jpg,4.66
RPi_X25519\frame_1345.jpg,4.66
RPi_X25519\frame_1346.jpg,4.66
RPi_X25519\frame_1347.jpg,4.66
RPi_X25519\frame_1348.jpg,4.66
RPi_X25519\frame_1349.jpg,4.66
RPi_X25519\frame_1350.jpg,4.66
RPi_X25519\frame_1351.jpg,4.66
RPi_X25519\frame_1352.jpg,4.66
RPi_X25519\frame_1353.jpg,4.66
RPi_X25519\frame_1354.jpg,4.66
RPi_X25519\frame_1355.jpg,4.66
RPi_X25519\frame_1356.jpg,4.66
RPi_X25519\frame_1357.jpg,4.66
RPi_X25519\frame_1358.jpg,4.51
RPi_X25519\frame_1359.jpg,4.51
RPi_X25519\frame_1360.jpg,4.51
RPi_X25519\frame_1361.jpg,4.51
RPi_X25519\frame_1362.jpg,4.51
RPi_X25519\frame_1363.jpg,4.51
RPi_X25519\frame_1364.jpg,4.51
RPi_X25519\frame_1365.jpg,4.51
RPi_X25519\frame_1366.jpg,4.51
RPi_X25519\frame_1367.jpg,4.51
RPi_X25519\frame_1368.jpg,4.51
RPi_X25519\frame_1369.jpg,4.51
RPi_X25519\frame_1370.jpg,4.51
RPi_X25519\frame_1371.jpg,4.51
RPi_X25519\frame_1372.jpg,4.51
RPi_X25519\frame_1373.jpg,4.41
RPi_X25519\frame_1374.jpg,4.41
RPi_X25519\frame_1375.jpg,4.41
RPi_X25519\frame_1376.jpg,4.41
RPi_X25519\frame_1377.jpg,4.41
RPi_X25519\frame_1378.jpg,4.41
RPi_X25519\frame_1379.jpg,4.41
RPi_X25519\frame_1380.jpg,4.41
RPi_X25519\frame_1381.jpg,4.41
RPi_X25519\frame_1382.jpg,4.41
RPi_X25519\frame_1383.jpg,4.41
RPi_X25519\frame_1384.jpg,4.41
RPi_X25519\frame_1385.jpg,4.41
RPi_X25519\frame_1386.jpg,4.41
RPi_X25519\frame_1387.jpg,4.41
RPi_X25519\frame_1388.jpg,4.46
RPi_X25519\frame_1389.jpg,4.46
RPi_X25519\frame_1390.jpg,4.46
RPi_X25519\frame_1391.jpg,4.46
RPi_X25519\frame_1392.jpg,4.46
RPi_X25519\frame_1393.jpg,4.46
RPi_X25519\frame_1394.jpg,4.46
RPi_X25519\frame_1395.jpg,4.46
RPi_X25519\frame_1396.jpg,4.46
RPi_X25519\frame_1397.jpg,4.46
RPi_X25519\frame_1398.jpg,4.46
RPi_X25519\frame_1399.jpg,4.46
RPi_X25519\frame_1400.jpg,4.46
RPi_X25519\frame_1401.jpg,4.46
RPi_X25519\frame_1402.jpg,4.46
RPi_X25519\frame_1403.jpg,4.44
RPi_X25519\frame_1404.jpg,4.41
RPi_X25519\frame_1405.jpg,4.41
RPi_X25519\frame_1406.jpg,4.41
RPi_X25519\frame_1407.jpg,4.41
RPi_X25519\frame_1408.jpg,4.41
RPi_X25519\frame_1409.jpg,4.41
RPi_X25519\frame_1410.jpg,4.41
RPi_X25519\frame_1411.jpg,4.41
RPi_X25519\frame_1412.jpg,4.41
RPi_X25519\frame_1413.jpg,4.41
RPi_X25519\frame_1414.jpg,4.41
RPi_X25519\frame_1415.jpg,4.41
RPi_X25519\frame_1416.jpg,4.41
RPi_X25519\frame_1417.jpg,4.41
RPi_X25519\frame_1418.jpg,4.43.
RPi_X25519\frame_1419.jpg,4.43
RPi_X25519\frame_1420.jpg,4.43
RPi_X25519\frame_1421.jpg,4.43
RPi_X25519\frame_1422.jpg,4.43
RPi_X25519\frame_1423.jpg,4.43
RPi_X25519\frame_1424.jpg,4.43
RPi_X25519\frame_1425.jpg,4.43
RPi_X25519\frame_1426.jpg,4.43
RPi_X25519\frame_1427.jpg,4.43
RPi_X25519\frame_1428.jpg,4.43
RPi_X25519\frame_1429.jpg,4.43
RPi_X25519\frame_1430.jpg,4.43
RPi_X25519\frame_1431.jpg,4.43
RPi_X25519\frame_1432.jpg,4.43
RPi_X25519\frame_1433.jpg,4.843
RPi_X25519\frame_1434.jpg,4.64
RPi_X25519\frame_1435.jpg,4.64
RPi_X25519\frame_1436.jpg,4.64
RPi_X25519\frame_1437.jpg,4.64
RPi_X25519\frame_1438.jpg,4.64
RPi_X25519\frame_1439.jpg,4.64
RPi_X25519\frame_1440.jpg,4.64
RPi_X25519\frame_1441.jpg,4.64
RPi_X25519\frame_1442.jpg,4.64
RPi_X25519\frame_1443.jpg,4.64
RPi_X25519\frame_1444.jpg,4.64
RPi_X25519\frame_1445.jpg,4.64
RPi_X25519\frame_1446.jpg,4.64
RPi_X25519\frame_1447.jpg,4.64
RPi_X25519\frame_1448.jpg,4.64
RPi_X25519\frame_1449.jpg,4.37
RPi_X25519\frame_1450.jpg,4.37
