RPi_Secp256\frame_0.jpg,4.45
RPi_Secp256\frame_1.jpg,4.51
RPi_Secp256\frame_2.jpg,4.51
RPi_Secp256\frame_3.jpg,4.51
RPi_Secp256\frame_4.jpg,4.51
RPi_Secp256\frame_5.jpg,4.51
RPi_Secp256\frame_6.jpg,4.51
RPi_Secp256\frame_7.jpg,4.51
RPi_Secp256\frame_8.jpg,4.51
RPi_Secp256\frame_9.jpg,4.51
RPi_Secp256\frame_10.jpg,4.51
RPi_Secp256\frame_11.jpg,4.51
RPi_Secp256\frame_12.jpg,4.51
RPi_Secp256\frame_13.jpg,4.51
RPi_Secp256\frame_14.jpg,4.51
RPi_Secp256\frame_15.jpg,4.51
RPi_Secp256\frame_16.jpg,4.39
RPi_Secp256\frame_17.jpg,4.39
RPi_Secp256\frame_18.jpg,4.39
RPi_Secp256\frame_19.jpg,4.39
RPi_Secp256\frame_20.jpg,4.39
RPi_Secp256\frame_21.jpg,4.39
RPi_Secp256\frame_22.jpg,4.39
RPi_Secp256\frame_23.jpg,4.39
RPi_Secp256\frame_24.jpg,4.39
RPi_Secp256\frame_25.jpg,4.39
RPi_Secp256\frame_26.jpg,4.39
RPi_Secp256\frame_27.jpg,4.39
RPi_Secp256\frame_28.jpg,4.39
RPi_Secp256\frame_29.jpg,4.39
RPi_Secp256\frame_30.jpg,4.39
RPi_Secp256\frame_31.jpg,4.40
RPi_Secp256\frame_32.jpg,4.40
RPi_Secp256\frame_33.jpg,4.40
RPi_Secp256\frame_34.jpg,4.40
RPi_Secp256\frame_35.jpg,4.40
RPi_Secp256\frame_36.jpg,4.40
RPi_Secp256\frame_37.jpg,4.40
RPi_Secp256\frame_38.jpg,4.40
RPi_Secp256\frame_39.jpg,4.40
RPi_Secp256\frame_40.jpg,4.40
RPi_Secp256\frame_41.jpg,4.40
RPi_Secp256\frame_42.jpg,4.40
RPi_Secp256\frame_43.jpg,4.40
RPi_Secp256\frame_44.jpg,4.40
RPi_Secp256\frame_45.jpg,4.40
RPi_Secp256\frame_46.jpg,4.69
RPi_Secp256\frame_47.jpg,4.54
RPi_Secp256\frame_48.jpg,4.54
RPi_Secp256\frame_49.jpg,4.54
RPi_Secp256\frame_50.jpg,4.54
RPi_Secp256\frame_51.jpg,4.54
RPi_Secp256\frame_52.jpg,4.54
RPi_Secp256\frame_53.jpg,4.54
RPi_Secp256\frame_54.jpg,4.54
RPi_Secp256\frame_55.jpg,4.54
RPi_Secp256\frame_56.jpg,4.54
RPi_Secp256\frame_57.jpg,4.54
RPi_Secp256\frame_58.jpg,4.54
RPi_Secp256\frame_59.jpg,4.54
RPi_Secp256\frame_60.jpg,4.54
RPi_Secp256\frame_61.jpg,4.64
RPi_Secp256\frame_62.jpg,4.64
RPi_Secp256\frame_63.jpg,4.64
RPi_Secp256\frame_64.jpg,4.64
RPi_Secp256\frame_65.jpg,4.64
RPi_Secp256\frame_66.jpg,4.64
RPi_Secp256\frame_67.jpg,4.64
RPi_Secp256\frame_68.jpg,4.64
RPi_Secp256\frame_69.jpg,4.64
RPi_Secp256\frame_70.jpg,4.64
RPi_Secp256\frame_71.jpg,4.64
RPi_Secp256\frame_72.jpg,4.64
RPi_Secp256\frame_73.jpg,4.64
RPi_Secp256\frame_74.jpg,4.64
RPi_Secp256\frame_75.jpg,4.64
RPi_Secp256\frame_76.jpg,4.64
RPi_Secp256\frame_77.jpg,4.45
RPi_Secp256\frame_78.jpg,4.45
RPi_Secp256\frame_79.jpg,4.45
RPi_Secp256\frame_80.jpg,4.45
RPi_Secp256\frame_81.jpg,4.45
RPi_Secp256\frame_82.jpg,4.45
RPi_Secp256\frame_83.jpg,4.45
RPi_Secp256\frame_84.jpg,4.45
RPi_Secp256\frame_85.jpg,4.45
RPi_Secp256\frame_86.jpg,4.45
RPi_Secp256\frame_87.jpg,4.45
RPi_Secp256\frame_88.jpg,4.45
RPi_Secp256\frame_89.jpg,4.45
RPi_Secp256\frame_90.jpg,4.45
RPi_Secp256\frame_91.jpg,4.45
RPi_Secp256\frame_92.jpg,4.43
RPi_Secp256\frame_93.jpg,4.43
RPi_Secp256\frame_94.jpg,4.43
RPi_Secp256\frame_95.jpg,4.43
RPi_Secp256\frame_96.jpg,4.43
RPi_Secp256\frame_97.jpg,4.43
RPi_Secp256\frame_98.jpg,4.43
RPi_Secp256\frame_99.jpg,4.43
RPi_Secp256\frame_100.jpg,4.43
RPi_Secp256\frame_101.jpg,4.43
RPi_Secp256\frame_102.jpg,4.43
RPi_Secp256\frame_103.jpg,4.43
RPi_Secp256\frame_104.jpg,4.43
RPi_Secp256\frame_105.jpg,4.43
RPi_Secp256\frame_106.jpg,4.43
RPi_Secp256\frame_107.jpg,4.49
RPi_Secp256\frame_108.jpg,4.49
RPi_Secp256\frame_109.jpg,4.49
RPi_Secp256\frame_110.jpg,4.49
RPi_Secp256\frame_111.jpg,4.49
RPi_Secp256\frame_112.jpg,4.49
RPi_Secp256\frame_113.jpg,4.49
RPi_Secp256\frame_114.jpg,4.49
RPi_Secp256\frame_115.jpg,4.49
RPi_Secp256\frame_116.jpg,4.49
RPi_Secp256\frame_117.jpg,4.49
RPi_Secp256\frame_118.jpg,4.49
RPi_Secp256\frame_119.jpg,4.49
RPi_Secp256\frame_120.jpg,4.49
RPi_Secp256\frame_121.jpg,4.49
RPi_Secp256\frame_122.jpg,4.55
RPi_Secp256\frame_123.jpg,4.55
RPi_Secp256\frame_124.jpg,4.55
RPi_Secp256\frame_125.jpg,4.55
RPi_Secp256\frame_126.jpg,4.55
RPi_Secp256\frame_127.jpg,4.55
RPi_Secp256\frame_128.jpg,4.55
RPi_Secp256\frame_129.jpg,4.55
RPi_Secp256\frame_130.jpg,4.55
RPi_Secp256\frame_131.jpg,4.55
RPi_Secp256\frame_132.jpg,4.55
RPi_Secp256\frame_133.jpg,4.55
RPi_Secp256\frame_134.jpg,4.55
RPi_Secp256\frame_135.jpg,4.55
RPi_Secp256\frame_136.jpg,4.55
RPi_Secp256\frame_137.jpg,4.40
RPi_Secp256\frame_138.jpg,4.40
RPi_Secp256\frame_139.jpg,4.40
RPi_Secp256\frame_140.jpg,4.40
RPi_Secp256\frame_141.jpg,4.40
RPi_Secp256\frame_142.jpg,4.40
RPi_Secp256\frame_143.jpg,4.40
RPi_Secp256\frame_144.jpg,4.40
RPi_Secp256\frame_145.jpg,4.40
RPi_Secp256\frame_146.jpg,4.40
RPi_Secp256\frame_147.jpg,4.40
RPi_Secp256\frame_148.jpg,4.40
RPi_Secp256\frame_149.jpg,4.40
RPi_Secp256\frame_150.jpg,4.40
RPi_Secp256\frame_151.jpg,4.40
RPi_Secp256\frame_152.jpg,4.56
RPi_Secp256\frame_153.jpg,4.55
RPi_Secp256\frame_154.jpg,4.55
RPi_Secp256\frame_155.jpg,4.55
RPi_Secp256\frame_156.jpg,4.55
RPi_Secp256\frame_157.jpg,4.55
RPi_Secp256\frame_158.jpg,4.55
RPi_Secp256\frame_159.jpg,4.55
RPi_Secp256\frame_160.jpg,4.55
RPi_Secp256\frame_161.jpg,4.55
RPi_Secp256\frame_162.jpg,4.55
RPi_Secp256\frame_163.jpg,4.55
RPi_Secp256\frame_164.jpg,4.55
RPi_Secp256\frame_165.jpg,4.55
RPi_Secp256\frame_166.jpg,4.55
RPi_Secp256\frame_167.jpg,4.56
RPi_Secp256\frame_168.jpg,4.50
RPi_Secp256\frame_169.jpg,4.50
RPi_Secp256\frame_170.jpg,4.50
RPi_Secp256\frame_171.jpg,4.50
RPi_Secp256\frame_172.jpg,4.50
RPi_Secp256\frame_173.jpg,4.50
RPi_Secp256\frame_174.jpg,4.50
RPi_Secp256\frame_175.jpg,4.50
RPi_Secp256\frame_176.jpg,4.50
RPi_Secp256\frame_177.jpg,4.50
RPi_Secp256\frame_178.jpg,4.50
RPi_Secp256\frame_179.jpg,4.50
RPi_Secp256\frame_180.jpg,4.50
RPi_Secp256\frame_181.jpg,4.50
RPi_Secp256\frame_182.jpg,4.50
RPi_Secp256\frame_183.jpg,5.58
RPi_Secp256\frame_184.jpg,5.58
RPi_Secp256\frame_185.jpg,5.58
RPi_Secp256\frame_186.jpg,5.58
RPi_Secp256\frame_187.jpg,5.58
RPi_Secp256\frame_188.jpg,5.58
RPi_Secp256\frame_189.jpg,5.58
RPi_Secp256\frame_190.jpg,5.58
RPi_Secp256\frame_191.jpg,5.58
RPi_Secp256\frame_192.jpg,5.58
RPi_Secp256\frame_193.jpg,5.58
RPi_Secp256\frame_194.jpg,5.58
RPi_Secp256\frame_195.jpg,5.58
RPi_Secp256\frame_196.jpg,5.58
RPi_Secp256\frame_197.jpg,5.58
RPi_Secp256\frame_198.jpg,5.83
RPi_Secp256\frame_199.jpg,5.83
RPi_Secp256\frame_200.jpg,5.83
RPi_Secp256\frame_201.jpg,5.83
RPi_Secp256\frame_202.jpg,5.83
RPi_Secp256\frame_203.jpg,5.83
RPi_Secp256\frame_204.jpg,5.83
RPi_Secp256\frame_205.jpg,5.83
RPi_Secp256\frame_206.jpg,5.83
RPi_Secp256\frame_207.jpg,5.83
RPi_Secp256\frame_208.jpg,5.83
RPi_Secp256\frame_209.jpg,5.83
RPi_Secp256\frame_210.jpg,5.83
RPi_Secp256\frame_211.jpg,5.83
RPi_Secp256\frame_212.jpg,5.83
RPi_Secp256\frame_213.jpg,5.78
RPi_Secp256\frame_214.jpg,5.78
RPi_Secp256\frame_215.jpg,5.78
RPi_Secp256\frame_216.jpg,5.78
RPi_Secp256\frame_217.jpg,5.78
RPi_Secp256\frame_218.jpg,5.78
RPi_Secp256\frame_219.jpg,5.78
RPi_Secp256\frame_220.jpg,5.78
RPi_Secp256\frame_221.jpg,5.78
RPi_Secp256\frame_222.jpg,5.78
RPi_Secp256\frame_223.jpg,5.78
RPi_Secp256\frame_224.jpg,5.78
RPi_Secp256\frame_225.jpg,5.78
RPi_Secp256\frame_226.jpg,5.78
RPi_Secp256\frame_227.jpg,5.78
RPi_Secp256\frame_228.jpg,5.73
RPi_Secp256\frame_229.jpg,5.77
RPi_Secp256\frame_230.jpg,5.77
RPi_Secp256\frame_231.jpg,5.77
RPi_Secp256\frame_232.jpg,5.77
RPi_Secp256\frame_233.jpg,5.77
RPi_Secp256\frame_234.jpg,5.77
RPi_Secp256\frame_235.jpg,5.77
RPi_Secp256\frame_236.jpg,5.77
RPi_Secp256\frame_237.jpg,5.77
RPi_Secp256\frame_238.jpg,5.77
RPi_Secp256\frame_239.jpg,5.77
RPi_Secp256\frame_240.jpg,5.77
RPi_Secp256\frame_241.jpg,5.77
RPi_Secp256\frame_242.jpg,5.77
RPi_Secp256\frame_243.jpg,5.76
RPi_Secp256\frame_244.jpg,5.76
RPi_Secp256\frame_245.jpg,5.76
RPi_Secp256\frame_246.jpg,5.76
RPi_Secp256\frame_247.jpg,5.76
RPi_Secp256\frame_248.jpg,5.76
RPi_Secp256\frame_249.jpg,5.76
RPi_Secp256\frame_250.jpg,5.76
RPi_Secp256\frame_251.jpg,5.76
RPi_Secp256\frame_252.jpg,5.76
RPi_Secp256\frame_253.jpg,5.76
RPi_Secp256\frame_254.jpg,5.76
RPi_Secp256\frame_255.jpg,5.76
RPi_Secp256\frame_256.jpg,5.76
RPi_Secp256\frame_257.jpg,5.76
RPi_Secp256\frame_258.jpg,5.76
RPi_Secp256\frame_259.jpg,5.76
RPi_Secp256\frame_260.jpg,5.76
RPi_Secp256\frame_261.jpg,5.76
RPi_Secp256\frame_262.jpg,5.76
RPi_Secp256\frame_263.jpg,5.76
RPi_Secp256\frame_264.jpg,5.76
RPi_Secp256\frame_265.jpg,5.76
RPi_Secp256\frame_266.jpg,5.76
RPi_Secp256\frame_267.jpg,5.76
RPi_Secp256\frame_268.jpg,5.76
RPi_Secp256\frame_269.jpg,5.76
RPi_Secp256\frame_270.jpg,5.76
RPi_Secp256\frame_271.jpg,5.76
RPi_Secp256\frame_272.jpg,5.76
RPi_Secp256\frame_273.jpg,5.76
RPi_Secp256\frame_274.jpg,5.78
RPi_Secp256\frame_275.jpg,5.78
RPi_Secp256\frame_276.jpg,5.78
RPi_Secp256\frame_277.jpg,5.78
RPi_Secp256\frame_278.jpg,5.78
RPi_Secp256\frame_279.jpg,5.78
RPi_Secp256\frame_280.jpg,5.78
RPi_Secp256\frame_281.jpg,5.78
RPi_Secp256\frame_282.jpg,5.78
RPi_Secp256\frame_283.jpg,5.78
RPi_Secp256\frame_284.jpg,5.78
RPi_Secp256\frame_285.jpg,5.78
RPi_Secp256\frame_286.jpg,5.78
RPi_Secp256\frame_287.jpg,5.78
RPi_Secp256\frame_288.jpg,5.78
RPi_Secp256\frame_289.jpg,5.78
RPi_Secp256\frame_290.jpg,5.78
RPi_Secp256\frame_291.jpg,5.78
RPi_Secp256\frame_292.jpg,5.78
RPi_Secp256\frame_293.jpg,5.78
RPi_Secp256\frame_294.jpg,5.78
RPi_Secp256\frame_295.jpg,5.78
RPi_Secp256\frame_296.jpg,5.78
RPi_Secp256\frame_297.jpg,5.78
RPi_Secp256\frame_298.jpg,5.78
RPi_Secp256\frame_299.jpg,5.78
RPi_Secp256\frame_300.jpg,5.78
RPi_Secp256\frame_301.jpg,5.78
RPi_Secp256\frame_302.jpg,5.78
RPi_Secp256\frame_303.jpg,5.78
RPi_Secp256\frame_304.jpg,5.77
RPi_Secp256\frame_305.jpg,5.77
RPi_Secp256\frame_306.jpg,5.77
RPi_Secp256\frame_307.jpg,5.77
RPi_Secp256\frame_308.jpg,5.77
RPi_Secp256\frame_309.jpg,5.77
RPi_Secp256\frame_310.jpg,5.77
RPi_Secp256\frame_311.jpg,5.77
RPi_Secp256\frame_312.jpg,5.77
RPi_Secp256\frame_313.jpg,5.77
RPi_Secp256\frame_314.jpg,5.77
RPi_Secp256\frame_315.jpg,5.77
RPi_Secp256\frame_316.jpg,5.77
RPi_Secp256\frame_317.jpg,5.77
RPi_Secp256\frame_318.jpg,5.77
RPi_Secp256\frame_319.jpg,5.77
RPi_Secp256\frame_320.jpg,5.77
RPi_Secp256\frame_321.jpg,5.77
RPi_Secp256\frame_322.jpg,5.77
RPi_Secp256\frame_323.jpg,5.77
RPi_Secp256\frame_324.jpg,5.77
RPi_Secp256\frame_325.jpg,5.77
RPi_Secp256\frame_326.jpg,5.77
RPi_Secp256\frame_327.jpg,5.77
RPi_Secp256\frame_328.jpg,5.77
RPi_Secp256\frame_329.jpg,5.77
RPi_Secp256\frame_330.jpg,5.77
RPi_Secp256\frame_331.jpg,5.77
RPi_Secp256\frame_332.jpg,5.77
RPi_Secp256\frame_333.jpg,5.77
RPi_Secp256\frame_334.jpg,5.78
RPi_Secp256\frame_335.jpg,5.78
RPi_Secp256\frame_336.jpg,5.78
RPi_Secp256\frame_337.jpg,5.78
RPi_Secp256\frame_338.jpg,5.78
RPi_Secp256\frame_339.jpg,5.78
RPi_Secp256\frame_340.jpg,5.78
RPi_Secp256\frame_341.jpg,5.78
RPi_Secp256\frame_342.jpg,5.78
RPi_Secp256\frame_343.jpg,5.78
RPi_Secp256\frame_344.jpg,5.78
RPi_Secp256\frame_345.jpg,5.78
RPi_Secp256\frame_346.jpg,5.78
RPi_Secp256\frame_347.jpg,5.78
RPi_Secp256\frame_348.jpg,5.78
RPi_Secp256\frame_349.jpg,5.79
RPi_Secp256\frame_350.jpg,5.79
RPi_Secp256\frame_351.jpg,5.79
RPi_Secp256\frame_352.jpg,5.79
RPi_Secp256\frame_353.jpg,5.79
RPi_Secp256\frame_354.jpg,5.79
RPi_Secp256\frame_355.jpg,5.79
RPi_Secp256\frame_356.jpg,5.79
RPi_Secp256\frame_357.jpg,5.79
RPi_Secp256\frame_358.jpg,5.79
RPi_Secp256\frame_359.jpg,5.79
RPi_Secp256\frame_360.jpg,5.79
RPi_Secp256\frame_361.jpg,5.79
RPi_Secp256\frame_362.jpg,5.79
RPi_Secp256\frame_363.jpg,5.79
RPi_Secp256\frame_364.jpg,5.29
RPi_Secp256\frame_365.jpg,5.81
RPi_Secp256\frame_366.jpg,5.81
RPi_Secp256\frame_367.jpg,5.81
RPi_Secp256\frame_368.jpg,5.81
RPi_Secp256\frame_369.jpg,5.81
RPi_Secp256\frame_370.jpg,5.81
RPi_Secp256\frame_371.jpg,5.81
RPi_Secp256\frame_372.jpg,5.81
RPi_Secp256\frame_373.jpg,5.81
RPi_Secp256\frame_374.jpg,5.81
RPi_Secp256\frame_375.jpg,5.81
RPi_Secp256\frame_376.jpg,5.81
RPi_Secp256\frame_377.jpg,5.81
RPi_Secp256\frame_378.jpg,5.81
RPi_Secp256\frame_379.jpg,5.81
RPi_Secp256\frame_380.jpg,5.78
RPi_Secp256\frame_381.jpg,5.78
RPi_Secp256\frame_382.jpg,5.78
RPi_Secp256\frame_383.jpg,5.78
RPi_Secp256\frame_384.jpg,5.78
RPi_Secp256\frame_385.jpg,5.78
RPi_Secp256\frame_386.jpg,5.78
RPi_Secp256\frame_387.jpg,5.78
RPi_Secp256\frame_388.jpg,5.78
RPi_Secp256\frame_389.jpg,5.78
RPi_Secp256\frame_390.jpg,5.78
RPi_Secp256\frame_391.jpg,5.78
RPi_Secp256\frame_392.jpg,5.78
RPi_Secp256\frame_393.jpg,5.78
RPi_Secp256\frame_394.jpg,5.78
RPi_Secp256\frame_395.jpg,5.78
RPi_Secp256\frame_396.jpg,5.78
RPi_Secp256\frame_397.jpg,5.78
RPi_Secp256\frame_398.jpg,5.78
RPi_Secp256\frame_399.jpg,5.78
RPi_Secp256\frame_400.jpg,5.78
RPi_Secp256\frame_401.jpg,5.78
RPi_Secp256\frame_402.jpg,5.78
RPi_Secp256\frame_403.jpg,5.78
RPi_Secp256\frame_404.jpg,5.78
RPi_Secp256\frame_405.jpg,5.78
RPi_Secp256\frame_406.jpg,5.78
RPi_Secp256\frame_407.jpg,5.78
RPi_Secp256\frame_408.jpg,5.78
RPi_Secp256\frame_409.jpg,5.78
RPi_Secp256\frame_410.jpg,5.77
RPi_Secp256\frame_411.jpg,5.77
RPi_Secp256\frame_412.jpg,5.77
RPi_Secp256\frame_413.jpg,5.77
RPi_Secp256\frame_414.jpg,5.77
RPi_Secp256\frame_415.jpg,5.77
RPi_Secp256\frame_416.jpg,5.77
RPi_Secp256\frame_417.jpg,5.77
RPi_Secp256\frame_418.jpg,5.77
RPi_Secp256\frame_419.jpg,5.77
RPi_Secp256\frame_420.jpg,5.77
RPi_Secp256\frame_421.jpg,5.77
RPi_Secp256\frame_422.jpg,5.77
RPi_Secp256\frame_423.jpg,5.77
RPi_Secp256\frame_424.jpg,5.77
RPi_Secp256\frame_425.jpg,5.77
RPi_Secp256\frame_426.jpg,5.77
RPi_Secp256\frame_427.jpg,5.77
RPi_Secp256\frame_428.jpg,5.77
RPi_Secp256\frame_429.jpg,5.77
RPi_Secp256\frame_430.jpg,5.77
RPi_Secp256\frame_431.jpg,5.77
RPi_Secp256\frame_432.jpg,5.77
RPi_Secp256\frame_433.jpg,5.77
RPi_Secp256\frame_434.jpg,5.77
RPi_Secp256\frame_435.jpg,5.77
RPi_Secp256\frame_436.jpg,5.77
RPi_Secp256\frame_437.jpg,5.77
RPi_Secp256\frame_438.jpg,5.77
RPi_Secp256\frame_439.jpg,5.77
RPi_Secp256\frame_440.jpg,5.88
RPi_Secp256\frame_441.jpg,5.88
RPi_Secp256\frame_442.jpg,5.88
RPi_Secp256\frame_443.jpg,5.88
RPi_Secp256\frame_444.jpg,5.88
RPi_Secp256\frame_445.jpg,5.88
RPi_Secp256\frame_446.jpg,5.88
RPi_Secp256\frame_447.jpg,5.88
RPi_Secp256\frame_448.jpg,5.88
RPi_Secp256\frame_449.jpg,5.88
RPi_Secp256\frame_450.jpg,5.88
RPi_Secp256\frame_451.jpg,5.88
RPi_Secp256\frame_452.jpg,5.88
RPi_Secp256\frame_453.jpg,5.88
RPi_Secp256\frame_454.jpg,5.88
RPi_Secp256\frame_455.jpg,5.28
RPi_Secp256\frame_456.jpg,5.78
RPi_Secp256\frame_457.jpg,5.78
RPi_Secp256\frame_458.jpg,5.78
RPi_Secp256\frame_459.jpg,5.78
RPi_Secp256\frame_460.jpg,5.78
RPi_Secp256\frame_461.jpg,5.78
RPi_Secp256\frame_462.jpg,5.78
RPi_Secp256\frame_463.jpg,5.78
RPi_Secp256\frame_464.jpg,5.78
RPi_Secp256\frame_465.jpg,5.78
RPi_Secp256\frame_466.jpg,5.78
RPi_Secp256\frame_467.jpg,5.78
RPi_Secp256\frame_468.jpg,5.78
RPi_Secp256\frame_469.jpg,5.78
RPi_Secp256\frame_470.jpg,5.78
RPi_Secp256\frame_471.jpg,5.78
RPi_Secp256\frame_472.jpg,5.78
RPi_Secp256\frame_473.jpg,5.78
RPi_Secp256\frame_474.jpg,5.78
RPi_Secp256\frame_475.jpg,5.78
RPi_Secp256\frame_476.jpg,5.78
RPi_Secp256\frame_477.jpg,5.78
RPi_Secp256\frame_478.jpg,5.78
RPi_Secp256\frame_479.jpg,5.78
RPi_Secp256\frame_480.jpg,5.78
RPi_Secp256\frame_481.jpg,5.78
RPi_Secp256\frame_482.jpg,5.78
RPi_Secp256\frame_483.jpg,5.78
RPi_Secp256\frame_484.jpg,5.78
RPi_Secp256\frame_485.jpg,5.78
RPi_Secp256\frame_486.jpg,5.73
RPi_Secp256\frame_487.jpg,5.73
RPi_Secp256\frame_488.jpg,5.73
RPi_Secp256\frame_489.jpg,5.73
RPi_Secp256\frame_490.jpg,5.73
RPi_Secp256\frame_491.jpg,5.73
RPi_Secp256\frame_492.jpg,5.73
RPi_Secp256\frame_493.jpg,5.73
RPi_Secp256\frame_494.jpg,5.73
RPi_Secp256\frame_495.jpg,5.73
RPi_Secp256\frame_496.jpg,5.73
RPi_Secp256\frame_497.jpg,5.73
RPi_Secp256\frame_498.jpg,5.73
RPi_Secp256\frame_499.jpg,5.73
RPi_Secp256\frame_500.jpg,5.73
RPi_Secp256\frame_501.jpg,5.78
RPi_Secp256\frame_502.jpg,5.78
RPi_Secp256\frame_503.jpg,5.78
RPi_Secp256\frame_504.jpg,5.78
RPi_Secp256\frame_505.jpg,5.78
RPi_Secp256\frame_506.jpg,5.78
RPi_Secp256\frame_507.jpg,5.78
RPi_Secp256\frame_508.jpg,5.78
RPi_Secp256\frame_509.jpg,5.78
RPi_Secp256\frame_510.jpg,5.78
RPi_Secp256\frame_511.jpg,5.78
RPi_Secp256\frame_512.jpg,5.78
RPi_Secp256\frame_513.jpg,5.78
RPi_Secp256\frame_514.jpg,5.78
RPi_Secp256\frame_515.jpg,5.78
RPi_Secp256\frame_516.jpg,5.79
RPi_Secp256\frame_517.jpg,5.79
RPi_Secp256\frame_518.jpg,5.79
RPi_Secp256\frame_519.jpg,5.79
RPi_Secp256\frame_520.jpg,5.79
RPi_Secp256\frame_521.jpg,5.79
RPi_Secp256\frame_522.jpg,5.79
RPi_Secp256\frame_523.jpg,5.79
RPi_Secp256\frame_524.jpg,5.79
RPi_Secp256\frame_525.jpg,5.79
RPi_Secp256\frame_526.jpg,5.79
RPi_Secp256\frame_527.jpg,5.79
RPi_Secp256\frame_528.jpg,5.79
RPi_Secp256\frame_529.jpg,5.79
RPi_Secp256\frame_530.jpg,5.79
RPi_Secp256\frame_531.jpg,5.80
RPi_Secp256\frame_532.jpg,5.80
RPi_Secp256\frame_533.jpg,5.80
RPi_Secp256\frame_534.jpg,5.80
RPi_Secp256\frame_535.jpg,5.80
RPi_Secp256\frame_536.jpg,5.80
RPi_Secp256\frame_537.jpg,5.80
RPi_Secp256\frame_538.jpg,5.80
RPi_Secp256\frame_539.jpg,5.80
RPi_Secp256\frame_540.jpg,5.80
RPi_Secp256\frame_541.jpg,5.80
RPi_Secp256\frame_542.jpg,5.80
RPi_Secp256\frame_543.jpg,5.80
RPi_Secp256\frame_544.jpg,5.80
RPi_Secp256\frame_545.jpg,5.80
RPi_Secp256\frame_546.jpg,5.78
RPi_Secp256\frame_547.jpg,5.78
RPi_Secp256\frame_548.jpg,5.78
RPi_Secp256\frame_549.jpg,5.78
RPi_Secp256\frame_550.jpg,5.78
RPi_Secp256\frame_551.jpg,5.78
RPi_Secp256\frame_552.jpg,5.78
RPi_Secp256\frame_553.jpg,5.78
RPi_Secp256\frame_554.jpg,5.78
RPi_Secp256\frame_555.jpg,5.78
RPi_Secp256\frame_556.jpg,5.78
RPi_Secp256\frame_557.jpg,5.78
RPi_Secp256\frame_558.jpg,5.78
RPi_Secp256\frame_559.jpg,5.78
RPi_Secp256\frame_560.jpg,5.78
RPi_Secp256\frame_561.jpg,5.78
RPi_Secp256\frame_562.jpg,5.78
RPi_Secp256\frame_563.jpg,5.78
RPi_Secp256\frame_564.jpg,5.78
RPi_Secp256\frame_565.jpg,5.78
RPi_Secp256\frame_566.jpg,5.78
RPi_Secp256\frame_567.jpg,5.78
RPi_Secp256\frame_568.jpg,5.78
RPi_Secp256\frame_569.jpg,5.78
RPi_Secp256\frame_570.jpg,5.78
RPi_Secp256\frame_571.jpg,5.78
RPi_Secp256\frame_572.jpg,5.78
RPi_Secp256\frame_573.jpg,5.78
RPi_Secp256\frame_574.jpg,5.78
RPi_Secp256\frame_575.jpg,5.78
RPi_Secp256\frame_576.jpg,5.78
RPi_Secp256\frame_577.jpg,5.77
RPi_Secp256\frame_578.jpg,5.77
RPi_Secp256\frame_579.jpg,5.77
RPi_Secp256\frame_580.jpg,5.77
RPi_Secp256\frame_581.jpg,5.77
RPi_Secp256\frame_582.jpg,5.77
RPi_Secp256\frame_583.jpg,5.77
RPi_Secp256\frame_584.jpg,5.77
RPi_Secp256\frame_585.jpg,5.77
RPi_Secp256\frame_586.jpg,5.77
RPi_Secp256\frame_587.jpg,5.77
RPi_Secp256\frame_588.jpg,5.77
RPi_Secp256\frame_589.jpg,5.77
RPi_Secp256\frame_590.jpg,5.77
RPi_Secp256\frame_591.jpg,5.77
RPi_Secp256\frame_592.jpg,5.77
RPi_Secp256\frame_593.jpg,5.77
RPi_Secp256\frame_594.jpg,5.77
RPi_Secp256\frame_595.jpg,5.77
RPi_Secp256\frame_596.jpg,5.77
RPi_Secp256\frame_597.jpg,5.77
RPi_Secp256\frame_598.jpg,5.77
RPi_Secp256\frame_599.jpg,5.77
RPi_Secp256\frame_600.jpg,5.77
RPi_Secp256\frame_601.jpg,5.77
RPi_Secp256\frame_602.jpg,5.77
RPi_Secp256\frame_603.jpg,5.77
RPi_Secp256\frame_604.jpg,5.77
RPi_Secp256\frame_605.jpg,5.77
RPi_Secp256\frame_606.jpg,5.77
RPi_Secp256\frame_607.jpg,5.82
RPi_Secp256\frame_608.jpg,5.82
RPi_Secp256\frame_609.jpg,5.82
RPi_Secp256\frame_610.jpg,5.82
RPi_Secp256\frame_611.jpg,5.82
RPi_Secp256\frame_612.jpg,5.82
RPi_Secp256\frame_613.jpg,5.82
RPi_Secp256\frame_614.jpg,5.82
RPi_Secp256\frame_615.jpg,5.82
RPi_Secp256\frame_616.jpg,5.82
RPi_Secp256\frame_617.jpg,5.82
RPi_Secp256\frame_618.jpg,5.82
RPi_Secp256\frame_619.jpg,5.82
RPi_Secp256\frame_620.jpg,5.82
RPi_Secp256\frame_621.jpg,5.82
RPi_Secp256\frame_622.jpg,5.78
RPi_Secp256\frame_623.jpg,5.78
RPi_Secp256\frame_624.jpg,5.78
RPi_Secp256\frame_625.jpg,5.78
RPi_Secp256\frame_626.jpg,5.78
RPi_Secp256\frame_627.jpg,5.78
RPi_Secp256\frame_628.jpg,5.78
RPi_Secp256\frame_629.jpg,5.78
RPi_Secp256\frame_630.jpg,5.78
RPi_Secp256\frame_631.jpg,5.78
RPi_Secp256\frame_632.jpg,5.78
RPi_Secp256\frame_633.jpg,5.78
RPi_Secp256\frame_634.jpg,5.78
RPi_Secp256\frame_635.jpg,5.78
RPi_Secp256\frame_636.jpg,5.78
RPi_Secp256\frame_637.jpg,5.73
RPi_Secp256\frame_638.jpg,5.73
RPi_Secp256\frame_639.jpg,5.73
RPi_Secp256\frame_640.jpg,5.73
RPi_Secp256\frame_641.jpg,5.73
RPi_Secp256\frame_642.jpg,5.73
RPi_Secp256\frame_643.jpg,5.73
RPi_Secp256\frame_644.jpg,5.73
RPi_Secp256\frame_645.jpg,5.73
RPi_Secp256\frame_646.jpg,5.73
RPi_Secp256\frame_647.jpg,5.73
RPi_Secp256\frame_648.jpg,5.73
RPi_Secp256\frame_649.jpg,5.73
RPi_Secp256\frame_650.jpg,5.73
RPi_Secp256\frame_651.jpg,5.73
RPi_Secp256\frame_652.jpg,5.78
RPi_Secp256\frame_653.jpg,5.78
RPi_Secp256\frame_654.jpg,5.78
RPi_Secp256\frame_655.jpg,5.78
RPi_Secp256\frame_656.jpg,5.78
RPi_Secp256\frame_657.jpg,5.78
RPi_Secp256\frame_658.jpg,5.78
RPi_Secp256\frame_659.jpg,5.78
RPi_Secp256\frame_660.jpg,5.78
RPi_Secp256\frame_661.jpg,5.78
RPi_Secp256\frame_662.jpg,5.78
RPi_Secp256\frame_663.jpg,5.78
RPi_Secp256\frame_664.jpg,5.78
RPi_Secp256\frame_665.jpg,5.78
RPi_Secp256\frame_666.jpg,5.78
RPi_Secp256\frame_667.jpg,5.78
RPi_Secp256\frame_668.jpg,5.78
RPi_Secp256\frame_669.jpg,5.78
RPi_Secp256\frame_670.jpg,5.78
RPi_Secp256\frame_671.jpg,5.78
RPi_Secp256\frame_672.jpg,5.78
RPi_Secp256\frame_673.jpg,5.78
RPi_Secp256\frame_674.jpg,5.78
RPi_Secp256\frame_675.jpg,5.78
RPi_Secp256\frame_676.jpg,5.78
RPi_Secp256\frame_677.jpg,5.78
RPi_Secp256\frame_678.jpg,5.78
RPi_Secp256\frame_679.jpg,5.78
RPi_Secp256\frame_680.jpg,5.78
RPi_Secp256\frame_681.jpg,5.78
RPi_Secp256\frame_682.jpg,5.78
RPi_Secp256\frame_683.jpg,5.78
RPi_Secp256\frame_684.jpg,5.78
RPi_Secp256\frame_685.jpg,5.78
RPi_Secp256\frame_686.jpg,5.78
RPi_Secp256\frame_687.jpg,5.78
RPi_Secp256\frame_688.jpg,5.78
RPi_Secp256\frame_689.jpg,5.78
RPi_Secp256\frame_690.jpg,5.78
RPi_Secp256\frame_691.jpg,5.78
RPi_Secp256\frame_692.jpg,5.78
RPi_Secp256\frame_693.jpg,5.78
RPi_Secp256\frame_694.jpg,5.78
RPi_Secp256\frame_695.jpg,5.78
RPi_Secp256\frame_696.jpg,5.78
RPi_Secp256\frame_697.jpg,5.78
RPi_Secp256\frame_698.jpg,5.81
RPi_Secp256\frame_699.jpg,5.81
RPi_Secp256\frame_700.jpg,5.81
RPi_Secp256\frame_701.jpg,5.81
RPi_Secp256\frame_702.jpg,5.81
RPi_Secp256\frame_703.jpg,5.81
RPi_Secp256\frame_704.jpg,5.81
RPi_Secp256\frame_705.jpg,5.81
RPi_Secp256\frame_706.jpg,5.81
RPi_Secp256\frame_707.jpg,5.81
RPi_Secp256\frame_708.jpg,5.81
RPi_Secp256\frame_709.jpg,5.81
RPi_Secp256\frame_710.jpg,5.81
RPi_Secp256\frame_711.jpg,5.81
RPi_Secp256\frame_712.jpg,5.81
RPi_Secp256\frame_713.jpg,5.77
RPi_Secp256\frame_714.jpg,5.77
RPi_Secp256\frame_715.jpg,5.77
RPi_Secp256\frame_716.jpg,5.77
RPi_Secp256\frame_717.jpg,5.77
RPi_Secp256\frame_718.jpg,5.77
RPi_Secp256\frame_719.jpg,5.77
RPi_Secp256\frame_720.jpg,5.77
RPi_Secp256\frame_721.jpg,5.77
RPi_Secp256\frame_722.jpg,5.77
RPi_Secp256\frame_723.jpg,5.77
RPi_Secp256\frame_724.jpg,5.77
RPi_Secp256\frame_725.jpg,5.77
RPi_Secp256\frame_726.jpg,5.77
RPi_Secp256\frame_727.jpg,5.77
RPi_Secp256\frame_728.jpg,5.77
RPi_Secp256\frame_729.jpg,5.77
RPi_Secp256\frame_730.jpg,5.77
RPi_Secp256\frame_731.jpg,5.77
RPi_Secp256\frame_732.jpg,5.77
RPi_Secp256\frame_733.jpg,5.77
RPi_Secp256\frame_734.jpg,5.77
RPi_Secp256\frame_735.jpg,5.77
RPi_Secp256\frame_736.jpg,5.77
RPi_Secp256\frame_737.jpg,5.77
RPi_Secp256\frame_738.jpg,5.77
RPi_Secp256\frame_739.jpg,5.77
RPi_Secp256\frame_740.jpg,5.77
RPi_Secp256\frame_741.jpg,5.77
RPi_Secp256\frame_742.jpg,5.77
RPi_Secp256\frame_743.jpg,5.78
RPi_Secp256\frame_744.jpg,5.78
RPi_Secp256\frame_745.jpg,5.78
RPi_Secp256\frame_746.jpg,5.78
RPi_Secp256\frame_747.jpg,5.78
RPi_Secp256\frame_748.jpg,5.78
RPi_Secp256\frame_749.jpg,5.78
RPi_Secp256\frame_750.jpg,5.78
RPi_Secp256\frame_751.jpg,5.8
RPi_Secp256\frame_752.jpg,5.78
RPi_Secp256\frame_753.jpg,5.78
RPi_Secp256\frame_754.jpg,5.78
RPi_Secp256\frame_755.jpg,5.78
RPi_Secp256\frame_756.jpg,5.78
RPi_Secp256\frame_757.jpg,5.8
RPi_Secp256\frame_758.jpg,5.78
RPi_Secp256\frame_759.jpg,5.78
RPi_Secp256\frame_760.jpg,5.78
RPi_Secp256\frame_761.jpg,5.78
RPi_Secp256\frame_762.jpg,5.78
RPi_Secp256\frame_763.jpg,5.78
RPi_Secp256\frame_764.jpg,5.78
RPi_Secp256\frame_765.jpg,5.78
RPi_Secp256\frame_766.jpg,5.78
RPi_Secp256\frame_767.jpg,5.78
RPi_Secp256\frame_768.jpg,5.78
RPi_Secp256\frame_769.jpg,5.78
RPi_Secp256\frame_770.jpg,5.78
RPi_Secp256\frame_771.jpg,5.78
RPi_Secp256\frame_772.jpg,5.78
RPi_Secp256\frame_773.jpg,5.80
RPi_Secp256\frame_774.jpg,5.80
RPi_Secp256\frame_775.jpg,5.80
RPi_Secp256\frame_776.jpg,5.80
RPi_Secp256\frame_777.jpg,5.80
RPi_Secp256\frame_778.jpg,5.80
RPi_Secp256\frame_779.jpg,5.80
RPi_Secp256\frame_780.jpg,5.80
RPi_Secp256\frame_781.jpg,5.80
RPi_Secp256\frame_782.jpg,5.80
RPi_Secp256\frame_783.jpg,5.80
RPi_Secp256\frame_784.jpg,5.80
RPi_Secp256\frame_785.jpg,5.80
RPi_Secp256\frame_786.jpg,5.80
RPi_Secp256\frame_787.jpg,5.80
RPi_Secp256\frame_788.jpg,5.80
RPi_Secp256\frame_789.jpg,5.80
RPi_Secp256\frame_790.jpg,5.80
RPi_Secp256\frame_791.jpg,5.80
RPi_Secp256\frame_792.jpg,5.80
RPi_Secp256\frame_793.jpg,5.80
RPi_Secp256\frame_794.jpg,5.80
RPi_Secp256\frame_795.jpg,5.80
RPi_Secp256\frame_796.jpg,5.80
RPi_Secp256\frame_797.jpg,5.80
RPi_Secp256\frame_798.jpg,5.80
RPi_Secp256\frame_799.jpg,5.80
RPi_Secp256\frame_800.jpg,5.80
RPi_Secp256\frame_801.jpg,5.80
RPi_Secp256\frame_802.jpg,5.80
RPi_Secp256\frame_803.jpg,5.80
RPi_Secp256\frame_804.jpg,5.88
RPi_Secp256\frame_805.jpg,5.88
RPi_Secp256\frame_806.jpg,5.88
RPi_Secp256\frame_807.jpg,5.88
RPi_Secp256\frame_808.jpg,5.88
RPi_Secp256\frame_809.jpg,5.88
RPi_Secp256\frame_810.jpg,5.88
RPi_Secp256\frame_811.jpg,5.88
RPi_Secp256\frame_812.jpg,5.88
RPi_Secp256\frame_813.jpg,5.88
RPi_Secp256\frame_814.jpg,5.88
RPi_Secp256\frame_815.jpg,5.88
RPi_Secp256\frame_816.jpg,5.88
RPi_Secp256\frame_817.jpg,5.88
RPi_Secp256\frame_818.jpg,5.88
RPi_Secp256\frame_819.jpg,6.16
RPi_Secp256\frame_820.jpg,6.16
RPi_Secp256\frame_821.jpg,6.16
RPi_Secp256\frame_822.jpg,6.16
RPi_Secp256\frame_823.jpg,6.16
RPi_Secp256\frame_824.jpg,6.16
RPi_Secp256\frame_825.jpg,6.16
RPi_Secp256\frame_826.jpg,6.16
RPi_Secp256\frame_827.jpg,6.16
RPi_Secp256\frame_828.jpg,6.16
RPi_Secp256\frame_829.jpg,6.16
RPi_Secp256\frame_830.jpg,6.16
RPi_Secp256\frame_831.jpg,6.16
RPi_Secp256\frame_832.jpg,6.16
RPi_Secp256\frame_833.jpg,6.16
RPi_Secp256\frame_834.jpg,6.16
RPi_Secp256\frame_835.jpg,6.16
RPi_Secp256\frame_836.jpg,6.16
RPi_Secp256\frame_837.jpg,6.16
RPi_Secp256\frame_838.jpg,6.16
RPi_Secp256\frame_839.jpg,6.16
RPi_Secp256\frame_840.jpg,6.16
RPi_Secp256\frame_841.jpg,6.16
RPi_Secp256\frame_842.jpg,6.16
RPi_Secp256\frame_843.jpg,6.16
RPi_Secp256\frame_844.jpg,6.16
RPi_Secp256\frame_845.jpg,6.16
RPi_Secp256\frame_846.jpg,6.16
RPi_Secp256\frame_847.jpg,6.16
RPi_Secp256\frame_848.jpg,6.16
RPi_Secp256\frame_849.jpg,6.17
RPi_Secp256\frame_850.jpg,6.17
RPi_Secp256\frame_851.jpg,6.17
RPi_Secp256\frame_852.jpg,6.17
RPi_Secp256\frame_853.jpg,6.17
RPi_Secp256\frame_854.jpg,6.17
RPi_Secp256\frame_855.jpg,6.17
RPi_Secp256\frame_856.jpg,6.17
RPi_Secp256\frame_857.jpg,6.17
RPi_Secp256\frame_858.jpg,6.17
RPi_Secp256\frame_859.jpg,6.17
RPi_Secp256\frame_860.jpg,6.17
RPi_Secp256\frame_861.jpg,6.17
RPi_Secp256\frame_862.jpg,6.17
RPi_Secp256\frame_863.jpg,6.17
RPi_Secp256\frame_864.jpg,6.17
RPi_Secp256\frame_865.jpg,6.17
RPi_Secp256\frame_866.jpg,6.17
RPi_Secp256\frame_867.jpg,6.17
RPi_Secp256\frame_868.jpg,6.17
RPi_Secp256\frame_869.jpg,6.17
RPi_Secp256\frame_870.jpg,6.17
RPi_Secp256\frame_871.jpg,6.17
RPi_Secp256\frame_872.jpg,6.17
RPi_Secp256\frame_873.jpg,6.17
RPi_Secp256\frame_874.jpg,6.17
RPi_Secp256\frame_875.jpg,6.17
RPi_Secp256\frame_876.jpg,6.17
RPi_Secp256\frame_877.jpg,6.17
RPi_Secp256\frame_878.jpg,6.17
RPi_Secp256\frame_879.jpg,5.81
RPi_Secp256\frame_880.jpg,5.81
RPi_Secp256\frame_881.jpg,5.81
RPi_Secp256\frame_882.jpg,5.81
RPi_Secp256\frame_883.jpg,5.81
RPi_Secp256\frame_884.jpg,5.81
RPi_Secp256\frame_885.jpg,5.81
RPi_Secp256\frame_886.jpg,5.81
RPi_Secp256\frame_887.jpg,5.81
RPi_Secp256\frame_888.jpg,5.81
RPi_Secp256\frame_889.jpg,5.81
RPi_Secp256\frame_890.jpg,5.81
RPi_Secp256\frame_891.jpg,5.81
RPi_Secp256\frame_892.jpg,5.81
RPi_Secp256\frame_893.jpg,5.81
RPi_Secp256\frame_894.jpg,5.338
RPi_Secp256\frame_895.jpg,5.78
RPi_Secp256\frame_896.jpg,5.78
RPi_Secp256\frame_897.jpg,5.78
RPi_Secp256\frame_898.jpg,5.78
RPi_Secp256\frame_899.jpg,5.78
RPi_Secp256\frame_900.jpg,5.78
RPi_Secp256\frame_901.jpg,5.78
RPi_Secp256\frame_902.jpg,5.78
RPi_Secp256\frame_903.jpg,5.78
RPi_Secp256\frame_904.jpg,5.78
RPi_Secp256\frame_905.jpg,5.78
RPi_Secp256\frame_906.jpg,5.78
RPi_Secp256\frame_907.jpg,5.78
RPi_Secp256\frame_908.jpg,5.78
RPi_Secp256\frame_909.jpg,5.78
RPi_Secp256\frame_910.jpg,5.78
RPi_Secp256\frame_911.jpg,5.78
RPi_Secp256\frame_912.jpg,5.78
RPi_Secp256\frame_913.jpg,5.78
RPi_Secp256\frame_914.jpg,5.78
RPi_Secp256\frame_915.jpg,5.78
RPi_Secp256\frame_916.jpg,5.78
RPi_Secp256\frame_917.jpg,5.78
RPi_Secp256\frame_918.jpg,5.78
RPi_Secp256\frame_919.jpg,5.78
RPi_Secp256\frame_920.jpg,5.78
RPi_Secp256\frame_921.jpg,5.78
RPi_Secp256\frame_922.jpg,5.78
RPi_Secp256\frame_923.jpg,5.78
RPi_Secp256\frame_924.jpg,5.78
RPi_Secp256\frame_925.jpg,5.78
RPi_Secp256\frame_926.jpg,5.78
RPi_Secp256\frame_927.jpg,5.78
RPi_Secp256\frame_928.jpg,5.78
RPi_Secp256\frame_929.jpg,5.78
RPi_Secp256\frame_930.jpg,5.78
RPi_Secp256\frame_931.jpg,5.78
RPi_Secp256\frame_932.jpg,5.78
RPi_Secp256\frame_933.jpg,5.78
RPi_Secp256\frame_934.jpg,5.78
RPi_Secp256\frame_935.jpg,5.78
RPi_Secp256\frame_936.jpg,5.78
RPi_Secp256\frame_937.jpg,5.78
RPi_Secp256\frame_938.jpg,5.78
RPi_Secp256\frame_939.jpg,5.78
RPi_Secp256\frame_940.jpg,5.82
RPi_Secp256\frame_941.jpg,5.82
RPi_Secp256\frame_942.jpg,5.82
RPi_Secp256\frame_943.jpg,5.82
RPi_Secp256\frame_944.jpg,5.82
RPi_Secp256\frame_945.jpg,5.82
RPi_Secp256\frame_946.jpg,5.82
RPi_Secp256\frame_947.jpg,5.82
RPi_Secp256\frame_948.jpg,5.82
RPi_Secp256\frame_949.jpg,5.82
RPi_Secp256\frame_950.jpg,5.82
RPi_Secp256\frame_951.jpg,5.82
RPi_Secp256\frame_952.jpg,5.82
RPi_Secp256\frame_953.jpg,5.82
RPi_Secp256\frame_954.jpg,5.82
RPi_Secp256\frame_955.jpg,5.79
RPi_Secp256\frame_956.jpg,5.79
RPi_Secp256\frame_957.jpg,5.79
RPi_Secp256\frame_958.jpg,5.79
RPi_Secp256\frame_959.jpg,5.79
RPi_Secp256\frame_960.jpg,5.79
RPi_Secp256\frame_961.jpg,5.79
RPi_Secp256\frame_962.jpg,5.79
RPi_Secp256\frame_963.jpg,5.79
RPi_Secp256\frame_964.jpg,5.79
RPi_Secp256\frame_965.jpg,5.79
RPi_Secp256\frame_966.jpg,5.79
RPi_Secp256\frame_967.jpg,5.79
RPi_Secp256\frame_968.jpg,5.79
RPi_Secp256\frame_969.jpg,5.79
RPi_Secp256\frame_970.jpg,6.19
RPi_Secp256\frame_971.jpg,6.14
RPi_Secp256\frame_972.jpg,6.14
RPi_Secp256\frame_973.jpg,6.14
RPi_Secp256\frame_974.jpg,6.14
RPi_Secp256\frame_975.jpg,6.14
RPi_Secp256\frame_976.jpg,6.14
RPi_Secp256\frame_977.jpg,6.14
RPi_Secp256\frame_978.jpg,6.14
RPi_Secp256\frame_979.jpg,6.14
RPi_Secp256\frame_980.jpg,6.14
RPi_Secp256\frame_981.jpg,6.14
RPi_Secp256\frame_982.jpg,6.14
RPi_Secp256\frame_983.jpg,6.14
RPi_Secp256\frame_984.jpg,6.14
RPi_Secp256\frame_985.jpg,6.18
RPi_Secp256\frame_986.jpg,6.16
RPi_Secp256\frame_987.jpg,6.16
RPi_Secp256\frame_988.jpg,6.16
RPi_Secp256\frame_989.jpg,6.16
RPi_Secp256\frame_990.jpg,6.16
RPi_Secp256\frame_991.jpg,6.16
RPi_Secp256\frame_992.jpg,6.16
RPi_Secp256\frame_993.jpg,6.16
RPi_Secp256\frame_994.jpg,6.16
RPi_Secp256\frame_995.jpg,6.16
RPi_Secp256\frame_996.jpg,6.16
RPi_Secp256\frame_997.jpg,6.16
RPi_Secp256\frame_998.jpg,6.16
RPi_Secp256\frame_999.jpg,6.16
RPi_Secp256\frame_1000.jpg,6.16
RPi_Secp256\frame_1001.jpg,6.16
RPi_Secp256\frame_1002.jpg,6.16
RPi_Secp256\frame_1003.jpg,6.16
RPi_Secp256\frame_1004.jpg,6.16
RPi_Secp256\frame_1005.jpg,6.16
RPi_Secp256\frame_1006.jpg,6.16
RPi_Secp256\frame_1007.jpg,6.16
RPi_Secp256\frame_1008.jpg,6.16
RPi_Secp256\frame_1009.jpg,6.16
RPi_Secp256\frame_1010.jpg,6.16
RPi_Secp256\frame_1011.jpg,6.16
RPi_Secp256\frame_1012.jpg,6.16
RPi_Secp256\frame_1013.jpg,6.16
RPi_Secp256\frame_1014.jpg,6.16
RPi_Secp256\frame_1015.jpg,6.16
RPi_Secp256\frame_1016.jpg,6.20
RPi_Secp256\frame_1017.jpg,6.20
RPi_Secp256\frame_1018.jpg,6.20
RPi_Secp256\frame_1019.jpg,6.20
RPi_Secp256\frame_1020.jpg,6.20
RPi_Secp256\frame_1021.jpg,6.20
RPi_Secp256\frame_1022.jpg,6.20
RPi_Secp256\frame_1023.jpg,6.20
RPi_Secp256\frame_1024.jpg,6.20
RPi_Secp256\frame_1025.jpg,6.20
RPi_Secp256\frame_1026.jpg,6.20
RPi_Secp256\frame_1027.jpg,6.20
RPi_Secp256\frame_1028.jpg,6.20
RPi_Secp256\frame_1029.jpg,6.20
RPi_Secp256\frame_1030.jpg,6.20
RPi_Secp256\frame_1031.jpg,5.88
RPi_Secp256\frame_1032.jpg,5.88
RPi_Secp256\frame_1033.jpg,5.88
RPi_Secp256\frame_1034.jpg,5.88
RPi_Secp256\frame_1035.jpg,5.88
RPi_Secp256\frame_1036.jpg,5.88
RPi_Secp256\frame_1037.jpg,5.88
RPi_Secp256\frame_1038.jpg,5.88
RPi_Secp256\frame_1039.jpg,5.88
RPi_Secp256\frame_1040.jpg,5.88
RPi_Secp256\frame_1041.jpg,5.88
RPi_Secp256\frame_1042.jpg,5.88
RPi_Secp256\frame_1043.jpg,5.88
RPi_Secp256\frame_1044.jpg,5.88
RPi_Secp256\frame_1045.jpg,5.88
RPi_Secp256\frame_1046.jpg,5.78
RPi_Secp256\frame_1047.jpg,5.78
RPi_Secp256\frame_1048.jpg,5.78
RPi_Secp256\frame_1049.jpg,5.78
RPi_Secp256\frame_1050.jpg,5.78
RPi_Secp256\frame_1051.jpg,5.78
RPi_Secp256\frame_1052.jpg,5.78
RPi_Secp256\frame_1053.jpg,5.78
RPi_Secp256\frame_1054.jpg,5.78
RPi_Secp256\frame_1055.jpg,5.78
RPi_Secp256\frame_1056.jpg,5.78
RPi_Secp256\frame_1057.jpg,5.78
RPi_Secp256\frame_1058.jpg,5.78
RPi_Secp256\frame_1059.jpg,5.78
RPi_Secp256\frame_1060.jpg,5.78
RPi_Secp256\frame_1061.jpg,5.77
RPi_Secp256\frame_1062.jpg,5.77
RPi_Secp256\frame_1063.jpg,5.77
RPi_Secp256\frame_1064.jpg,5.77
RPi_Secp256\frame_1065.jpg,5.77
RPi_Secp256\frame_1066.jpg,5.77
RPi_Secp256\frame_1067.jpg,5.77
RPi_Secp256\frame_1068.jpg,5.77
RPi_Secp256\frame_1069.jpg,5.77
RPi_Secp256\frame_1070.jpg,5.77
RPi_Secp256\frame_1071.jpg,5.77
RPi_Secp256\frame_1072.jpg,5.77
RPi_Secp256\frame_1073.jpg,5.77
RPi_Secp256\frame_1074.jpg,5.77
RPi_Secp256\frame_1075.jpg,5.77
RPi_Secp256\frame_1076.jpg,5.78
RPi_Secp256\frame_1077.jpg,5.78
RPi_Secp256\frame_1078.jpg,5.78
RPi_Secp256\frame_1079.jpg,5.78
RPi_Secp256\frame_1080.jpg,5.78
RPi_Secp256\frame_1081.jpg,5.78
RPi_Secp256\frame_1082.jpg,5.78
RPi_Secp256\frame_1083.jpg,5.78
RPi_Secp256\frame_1084.jpg,5.78
RPi_Secp256\frame_1085.jpg,5.78
RPi_Secp256\frame_1086.jpg,5.78
RPi_Secp256\frame_1087.jpg,5.78
RPi_Secp256\frame_1088.jpg,5.78
RPi_Secp256\frame_1089.jpg,5.78
RPi_Secp256\frame_1090.jpg,5.78
RPi_Secp256\frame_1091.jpg,5.83
RPi_Secp256\frame_1092.jpg,5.81
RPi_Secp256\frame_1093.jpg,5.81
RPi_Secp256\frame_1094.jpg,5.81
RPi_Secp256\frame_1095.jpg,5.81
RPi_Secp256\frame_1096.jpg,5.81
RPi_Secp256\frame_1097.jpg,5.81
RPi_Secp256\frame_1098.jpg,5.81
RPi_Secp256\frame_1099.jpg,5.81
RPi_Secp256\frame_1100.jpg,5.81
RPi_Secp256\frame_1101.jpg,5.81
RPi_Secp256\frame_1102.jpg,5.81
RPi_Secp256\frame_1103.jpg,5.81
RPi_Secp256\frame_1104.jpg,5.81
RPi_Secp256\frame_1105.jpg,5.81
RPi_Secp256\frame_1106.jpg,5.82
RPi_Secp256\frame_1107.jpg,5.82
RPi_Secp256\frame_1108.jpg,5.82
RPi_Secp256\frame_1109.jpg,5.82
RPi_Secp256\frame_1110.jpg,5.82
RPi_Secp256\frame_1111.jpg,5.82
RPi_Secp256\frame_1112.jpg,5.82
RPi_Secp256\frame_1113.jpg,5.82
RPi_Secp256\frame_1114.jpg,5.82
RPi_Secp256\frame_1115.jpg,5.82
RPi_Secp256\frame_1116.jpg,5.82
RPi_Secp256\frame_1117.jpg,5.82
RPi_Secp256\frame_1118.jpg,5.82
RPi_Secp256\frame_1119.jpg,5.82
RPi_Secp256\frame_1120.jpg,5.82
RPi_Secp256\frame_1121.jpg,5.82
RPi_Secp256\frame_1122.jpg,6.10
RPi_Secp256\frame_1123.jpg,6.10
RPi_Secp256\frame_1124.jpg,6.10
RPi_Secp256\frame_1125.jpg,6.10
RPi_Secp256\frame_1126.jpg,6.10
RPi_Secp256\frame_1127.jpg,6.10
RPi_Secp256\frame_1128.jpg,6.10
RPi_Secp256\frame_1129.jpg,6.10
RPi_Secp256\frame_1130.jpg,6.10
RPi_Secp256\frame_1131.jpg,6.10
RPi_Secp256\frame_1132.jpg,6.10
RPi_Secp256\frame_1133.jpg,6.10
RPi_Secp256\frame_1134.jpg,6.10
RPi_Secp256\frame_1135.jpg,6.10
RPi_Secp256\frame_1136.jpg,6.10
RPi_Secp256\frame_1137.jpg,6.16
RPi_Secp256\frame_1138.jpg,6.16
RPi_Secp256\frame_1139.jpg,6.16
RPi_Secp256\frame_1140.jpg,6.16
RPi_Secp256\frame_1141.jpg,6.16
RPi_Secp256\frame_1142.jpg,6.16
RPi_Secp256\frame_1143.jpg,6.16
RPi_Secp256\frame_1144.jpg,6.16
RPi_Secp256\frame_1145.jpg,6.16
RPi_Secp256\frame_1146.jpg,6.16
RPi_Secp256\frame_1147.jpg,6.16
RPi_Secp256\frame_1148.jpg,6.16
RPi_Secp256\frame_1149.jpg,6.16
RPi_Secp256\frame_1150.jpg,6.16
RPi_Secp256\frame_1151.jpg,6.16
RPi_Secp256\frame_1152.jpg,6.16
RPi_Secp256\frame_1153.jpg,6.16
RPi_Secp256\frame_1154.jpg,6.16
RPi_Secp256\frame_1155.jpg,6.16
RPi_Secp256\frame_1156.jpg,6.16
RPi_Secp256\frame_1157.jpg,6.16
RPi_Secp256\frame_1158.jpg,6.16
RPi_Secp256\frame_1159.jpg,6.16
RPi_Secp256\frame_1160.jpg,6.16
RPi_Secp256\frame_1161.jpg,6.16
RPi_Secp256\frame_1162.jpg,6.16
RPi_Secp256\frame_1163.jpg,6.16
RPi_Secp256\frame_1164.jpg,6.16
RPi_Secp256\frame_1165.jpg,6.16
RPi_Secp256\frame_1166.jpg,6.16
RPi_Secp256\frame_1167.jpg,6.15
RPi_Secp256\frame_1168.jpg,6.15
RPi_Secp256\frame_1169.jpg,6.15
RPi_Secp256\frame_1170.jpg,6.15
RPi_Secp256\frame_1171.jpg,6.15
RPi_Secp256\frame_1172.jpg,6.15
RPi_Secp256\frame_1173.jpg,6.15
RPi_Secp256\frame_1174.jpg,6.15
RPi_Secp256\frame_1175.jpg,6.15
RPi_Secp256\frame_1176.jpg,6.15
RPi_Secp256\frame_1177.jpg,6.15
RPi_Secp256\frame_1178.jpg,6.15
RPi_Secp256\frame_1179.jpg,6.15
RPi_Secp256\frame_1180.jpg,6.15
RPi_Secp256\frame_1181.jpg,6.15
RPi_Secp256\frame_1182.jpg,5.79
RPi_Secp256\frame_1183.jpg,5.79
RPi_Secp256\frame_1184.jpg,5.79
RPi_Secp256\frame_1185.jpg,5.79
RPi_Secp256\frame_1186.jpg,5.79
RPi_Secp256\frame_1187.jpg,5.79
RPi_Secp256\frame_1188.jpg,5.79
RPi_Secp256\frame_1189.jpg,5.79
RPi_Secp256\frame_1190.jpg,5.79
RPi_Secp256\frame_1191.jpg,5.79
RPi_Secp256\frame_1192.jpg,5.79
RPi_Secp256\frame_1193.jpg,5.79
RPi_Secp256\frame_1194.jpg,5.79
RPi_Secp256\frame_1195.jpg,5.79
RPi_Secp256\frame_1196.jpg,5.79
RPi_Secp256\frame_1197.jpg,5.80
RPi_Secp256\frame_1198.jpg,5.80
RPi_Secp256\frame_1199.jpg,5.80
RPi_Secp256\frame_1200.jpg,5.80
RPi_Secp256\frame_1201.jpg,5.80
RPi_Secp256\frame_1202.jpg,5.80
RPi_Secp256\frame_1203.jpg,5.80
RPi_Secp256\frame_1204.jpg,5.80
RPi_Secp256\frame_1205.jpg,5.80
RPi_Secp256\frame_1206.jpg,5.80
RPi_Secp256\frame_1207.jpg,5.80
RPi_Secp256\frame_1208.jpg,5.80
RPi_Secp256\frame_1209.jpg,5.80
RPi_Secp256\frame_1210.jpg,5.80
RPi_Secp256\frame_1211.jpg,5.80
RPi_Secp256\frame_1212.jpg,5.30
RPi_Secp256\frame_1213.jpg,5.79
RPi_Secp256\frame_1214.jpg,5.79
RPi_Secp256\frame_1215.jpg,5.79
RPi_Secp256\frame_1216.jpg,5.79
RPi_Secp256\frame_1217.jpg,5.79
RPi_Secp256\frame_1218.jpg,5.79
RPi_Secp256\frame_1219.jpg,5.79
RPi_Secp256\frame_1220.jpg,5.79
RPi_Secp256\frame_1221.jpg,5.79
RPi_Secp256\frame_1222.jpg,5.79
RPi_Secp256\frame_1223.jpg,5.79
RPi_Secp256\frame_1224.jpg,5.79
RPi_Secp256\frame_1225.jpg,5.79
RPi_Secp256\frame_1226.jpg,5.79
RPi_Secp256\frame_1227.jpg,4

5.79
RPi_Secp256\frame_1228.jpg,5.78
RPi_Secp256\frame_1229.jpg,5.78
RPi_Secp256\frame_1230.jpg,5.78
RPi_Secp256\frame_1231.jpg,.8
RPi_Secp256\frame_1232.jpg,5.78
RPi_Secp256\frame_1233.jpg,5.78
RPi_Secp256\frame_1234.jpg,5.78
RPi_Secp256\frame_1235.jpg,5.78
RPi_Secp256\frame_1236.jpg,5.78
RPi_Secp256\frame_1237.jpg,5.78
RPi_Secp256\frame_1238.jpg,5.78
RPi_Secp256\frame_1239.jpg,5.78
RPi_Secp256\frame_1240.jpg,5.78
RPi_Secp256\frame_1241.jpg,5.78
RPi_Secp256\frame_1242.jpg,5.78
RPi_Secp256\frame_1243.jpg,5.80
RPi_Secp256\frame_1244.jpg,5.80
RPi_Secp256\frame_1245.jpg,5.80
RPi_Secp256\frame_1246.jpg,5.80
RPi_Secp256\frame_1247.jpg,5.80
RPi_Secp256\frame_1248.jpg,5.80
RPi_Secp256\frame_1249.jpg,5.80
RPi_Secp256\frame_1250.jpg,5.80
RPi_Secp256\frame_1251.jpg,5.80
RPi_Secp256\frame_1252.jpg,5.80
RPi_Secp256\frame_1253.jpg,5.80
RPi_Secp256\frame_1254.jpg,5.80
RPi_Secp256\frame_1255.jpg,5.80
RPi_Secp256\frame_1256.jpg,5.80
RPi_Secp256\frame_1257.jpg,5.80
RPi_Secp256\frame_1258.jpg,5.90
RPi_Secp256\frame_1259.jpg,5.90
RPi_Secp256\frame_1260.jpg,5.90
RPi_Secp256\frame_1261.jpg,5.90
RPi_Secp256\frame_1262.jpg,5.90
RPi_Secp256\frame_1263.jpg,5.90
RPi_Secp256\frame_1264.jpg,5.90
RPi_Secp256\frame_1265.jpg,5.90
RPi_Secp256\frame_1266.jpg,5.90
RPi_Secp256\frame_1267.jpg,5.90
RPi_Secp256\frame_1268.jpg,5.90
RPi_Secp256\frame_1269.jpg,5.90
RPi_Secp256\frame_1270.jpg,5.90
RPi_Secp256\frame_1271.jpg,5.90
RPi_Secp256\frame_1272.jpg,5.90
RPi_Secp256\frame_1273.jpg,5.94
RPi_Secp256\frame_1274.jpg,5.94
RPi_Secp256\frame_1275.jpg,5.94
RPi_Secp256\frame_1276.jpg,5.94
RPi_Secp256\frame_1277.jpg,5.94
RPi_Secp256\frame_1278.jpg,5.94
RPi_Secp256\frame_1279.jpg,5.94
RPi_Secp256\frame_1280.jpg,5.94
RPi_Secp256\frame_1281.jpg,5.94
RPi_Secp256\frame_1282.jpg,5.94
RPi_Secp256\frame_1283.jpg,5.94
RPi_Secp256\frame_1284.jpg,5.94
RPi_Secp256\frame_1285.jpg,5.94
RPi_Secp256\frame_1286.jpg,5.94
RPi_Secp256\frame_1287.jpg,5.94
RPi_Secp256\frame_1288.jpg,5.78
RPi_Secp256\frame_1289.jpg,5.78
RPi_Secp256\frame_1290.jpg,5.78
RPi_Secp256\frame_1291.jpg,5.78
RPi_Secp256\frame_1292.jpg,5.78
RPi_Secp256\frame_1293.jpg,5.78
RPi_Secp256\frame_1294.jpg,5.78
RPi_Secp256\frame_1295.jpg,5.78
RPi_Secp256\frame_1296.jpg,5.78
RPi_Secp256\frame_1297.jpg,5.78
RPi_Secp256\frame_1298.jpg,5.78
RPi_Secp256\frame_1299.jpg,5.78
RPi_Secp256\frame_1300.jpg,5.78
RPi_Secp256\frame_1301.jpg,5.78
RPi_Secp256\frame_1302.jpg,5.78
RPi_Secp256\frame_1303.jpg,5.78
RPi_Secp256\frame_1304.jpg,5.78
RPi_Secp256\frame_1305.jpg,5.78
RPi_Secp256\frame_1306.jpg,5.78
RPi_Secp256\frame_1307.jpg,5.78
RPi_Secp256\frame_1308.jpg,5.78
RPi_Secp256\frame_1309.jpg,5.78
RPi_Secp256\frame_1310.jpg,5.78
RPi_Secp256\frame_1311.jpg,5.78
RPi_Secp256\frame_1312.jpg,5.78
RPi_Secp256\frame_1313.jpg,5.78
RPi_Secp256\frame_1314.jpg,5.78
RPi_Secp256\frame_1315.jpg,5.78
RPi_Secp256\frame_1316.jpg,5.78
RPi_Secp256\frame_1317.jpg,5.78
RPi_Secp256\frame_1318.jpg,5.78
RPi_Secp256\frame_1319.jpg,5.79
RPi_Secp256\frame_1320.jpg,5.79
RPi_Secp256\frame_1321.jpg,5.79
RPi_Secp256\frame_1322.jpg,5.79
RPi_Secp256\frame_1323.jpg,5.79
RPi_Secp256\frame_1324.jpg,5.79
RPi_Secp256\frame_1325.jpg,5.79
RPi_Secp256\frame_1326.jpg,5.79
RPi_Secp256\frame_1327.jpg,5.79
RPi_Secp256\frame_1328.jpg,5.79
RPi_Secp256\frame_1329.jpg,5.79
RPi_Secp256\frame_1330.jpg,5.79
RPi_Secp256\frame_1331.jpg,5.79
RPi_Secp256\frame_1332.jpg,5.79
RPi_Secp256\frame_1333.jpg,5.79
RPi_Secp256\frame_1334.jpg,5.78
RPi_Secp256\frame_1335.jpg,5.78
RPi_Secp256\frame_1336.jpg,5.78
RPi_Secp256\frame_1337.jpg,5.78
RPi_Secp256\frame_1338.jpg,5.78
RPi_Secp256\frame_1339.jpg,5.78
RPi_Secp256\frame_1340.jpg,5.78
RPi_Secp256\frame_1341.jpg,5.78
RPi_Secp256\frame_1342.jpg,5.78
RPi_Secp256\frame_1343.jpg,5.78
RPi_Secp256\frame_1344.jpg,5.78
RPi_Secp256\frame_1345.jpg,5.78
RPi_Secp256\frame_1346.jpg,5.78
RPi_Secp256\frame_1347.jpg,5.78
RPi_Secp256\frame_1348.jpg,5.78
RPi_Secp256\frame_1349.jpg,5.78
RPi_Secp256\frame_1350.jpg,5.78
RPi_Secp256\frame_1351.jpg,5.78
RPi_Secp256\frame_1352.jpg,5.78
RPi_Secp256\frame_1353.jpg,5.78
RPi_Secp256\frame_1354.jpg,5.78
RPi_Secp256\frame_1355.jpg,5.78
RPi_Secp256\frame_1356.jpg,5.78
RPi_Secp256\frame_1357.jpg,5.78
RPi_Secp256\frame_1358.jpg,5.78
RPi_Secp256\frame_1359.jpg,5.78
RPi_Secp256\frame_1360.jpg,5.78
RPi_Secp256\frame_1361.jpg,5.78
RPi_Secp256\frame_1362.jpg,5.78
RPi_Secp256\frame_1363.jpg,5.78
RPi_Secp256\frame_1364.jpg,5.78
RPi_Secp256\frame_1365.jpg,5.78
RPi_Secp256\frame_1366.jpg,5.78
RPi_Secp256\frame_1367.jpg,5.78
RPi_Secp256\frame_1368.jpg,5.78
RPi_Secp256\frame_1369.jpg,5.78
RPi_Secp256\frame_1370.jpg,5.78
RPi_Secp256\frame_1371.jpg,5.78
RPi_Secp256\frame_1372.jpg,5.78
RPi_Secp256\frame_1373.jpg,5.78
RPi_Secp256\frame_1374.jpg,5.78
RPi_Secp256\frame_1375.jpg,5.78
RPi_Secp256\frame_1376.jpg,5.78
RPi_Secp256\frame_1377.jpg,5.78
RPi_Secp256\frame_1378.jpg,5.78
RPi_Secp256\frame_1379.jpg,5.79
RPi_Secp256\frame_1380.jpg,5.79
RPi_Secp256\frame_1381.jpg,5.79
RPi_Secp256\frame_1382.jpg,5.79
RPi_Secp256\frame_1383.jpg,5.79
RPi_Secp256\frame_1384.jpg,5.79
RPi_Secp256\frame_1385.jpg,5.79
RPi_Secp256\frame_1386.jpg,5.79
RPi_Secp256\frame_1387.jpg,5.79
RPi_Secp256\frame_1388.jpg,5.79
RPi_Secp256\frame_1389.jpg,5.79
RPi_Secp256\frame_1390.jpg,5.79
RPi_Secp256\frame_1391.jpg,5.79
RPi_Secp256\frame_1392.jpg,5.79
RPi_Secp256\frame_1393.jpg,5.79
RPi_Secp256\frame_1394.jpg,5.89
RPi_Secp256\frame_1395.jpg,5.81
RPi_Secp256\frame_1396.jpg,5.81
RPi_Secp256\frame_1397.jpg,5.81
RPi_Secp256\frame_1398.jpg,5.81
RPi_Secp256\frame_1399.jpg,5.81
RPi_Secp256\frame_1400.jpg,5.81
RPi_Secp256\frame_1401.jpg,5.81
RPi_Secp256\frame_1402.jpg,5.81
RPi_Secp256\frame_1403.jpg,5.81
RPi_Secp256\frame_1404.jpg,5.81
RPi_Secp256\frame_1405.jpg,5.81
RPi_Secp256\frame_1406.jpg,5.81
RPi_Secp256\frame_1407.jpg,5.81
RPi_Secp256\frame_1408.jpg,5.81
RPi_Secp256\frame_1409.jpg,5.33
RPi_Secp256\frame_1410.jpg,5.78
RPi_Secp256\frame_1411.jpg,5.78
RPi_Secp256\frame_1412.jpg,5.78
RPi_Secp256\frame_1413.jpg,5.78
RPi_Secp256\frame_1414.jpg,5.78
RPi_Secp256\frame_1415.jpg,5.78
RPi_Secp256\frame_1416.jpg,5.78
RPi_Secp256\frame_1417.jpg,5.78
RPi_Secp256\frame_1418.jpg,5.78
RPi_Secp256\frame_1419.jpg,5.78
RPi_Secp256\frame_1420.jpg,5.78
RPi_Secp256\frame_1421.jpg,5.78
RPi_Secp256\frame_1422.jpg,5.78
RPi_Secp256\frame_1423.jpg,5.78
RPi_Secp256\frame_1424.jpg,5.78
RPi_Secp256\frame_1425.jpg,5.96
RPi_Secp256\frame_1426.jpg,5.96
RPi_Secp256\frame_1427.jpg,5.96
RPi_Secp256\frame_1428.jpg,5.96
RPi_Secp256\frame_1429.jpg,5.96
RPi_Secp256\frame_1430.jpg,5.96
RPi_Secp256\frame_1431.jpg,5.96
RPi_Secp256\frame_1432.jpg,5.96
RPi_Secp256\frame_1433.jpg,5.96
RPi_Secp256\frame_1434.jpg,5.96
RPi_Secp256\frame_1435.jpg,5.96
RPi_Secp256\frame_1436.jpg,5.96
RPi_Secp256\frame_1437.jpg,5.96
RPi_Secp256\frame_1438.jpg,5.96
RPi_Secp256\frame_1439.jpg,5.96
RPi_Secp256\frame_1440.jpg,6.22
RPi_Secp256\frame_1441.jpg,6.22
RPi_Secp256\frame_1442.jpg,6.22
RPi_Secp256\frame_1443.jpg,6.22
RPi_Secp256\frame_1444.jpg,6.22
RPi_Secp256\frame_1445.jpg,6.22
RPi_Secp256\frame_1446.jpg,6.22
RPi_Secp256\frame_1447.jpg,6.22
RPi_Secp256\frame_1448.jpg,6.22
RPi_Secp256\frame_1449.jpg,6.22
RPi_Secp256\frame_1450.jpg,6.22
RPi_Secp256\frame_1451.jpg,6.22
RPi_Secp256\frame_1452.jpg,6.22
RPi_Secp256\frame_1453.jpg,6.22
RPi_Secp256\frame_1454.jpg,6.22
RPi_Secp256\frame_1455.jpg,6.16
RPi_Secp256\frame_1456.jpg,6.16
RPi_Secp256\frame_1457.jpg,6.16
RPi_Secp256\frame_1458.jpg,6.16
RPi_Secp256\frame_1459.jpg,6.16
RPi_Secp256\frame_1460.jpg,6.16
RPi_Secp256\frame_1461.jpg,6.16
RPi_Secp256\frame_1462.jpg,6.16
RPi_Secp256\frame_1463.jpg,6.16
RPi_Secp256\frame_1464.jpg,6.16
RPi_Secp256\frame_1465.jpg,6.16
RPi_Secp256\frame_1466.jpg,6.16
RPi_Secp256\frame_1467.jpg,6.16
RPi_Secp256\frame_1468.jpg,6.16
RPi_Secp256\frame_1469.jpg,6.16
RPi_Secp256\frame_1470.jpg,6.15
RPi_Secp256\frame_1471.jpg,6.15
RPi_Secp256\frame_1472.jpg,6.15
RPi_Secp256\frame_1473.jpg,6.15
RPi_Secp256\frame_1474.jpg,6.15
RPi_Secp256\frame_1475.jpg,6.15
RPi_Secp256\frame_1476.jpg,6.15
RPi_Secp256\frame_1477.jpg,6.15
RPi_Secp256\frame_1478.jpg,6.15
RPi_Secp256\frame_1479.jpg,6.15
RPi_Secp256\frame_1480.jpg,6.15
RPi_Secp256\frame_1481.jpg,6.15
RPi_Secp256\frame_1482.jpg,6.15
RPi_Secp256\frame_1483.jpg,6.15
RPi_Secp256\frame_1484.jpg,6.15
RPi_Secp256\frame_1485.jpg,6.00
RPi_Secp256\frame_1486.jpg,6.00
RPi_Secp256\frame_1487.jpg,6.00
RPi_Secp256\frame_1488.jpg,6.00
RPi_Secp256\frame_1489.jpg,6.00
RPi_Secp256\frame_1490.jpg,6.00
RPi_Secp256\frame_1491.jpg,6.00
RPi_Secp256\frame_1492.jpg,6.00
RPi_Secp256\frame_1493.jpg,6.00
RPi_Secp256\frame_1494.jpg,6.00
RPi_Secp256\frame_1495.jpg,6.00
RPi_Secp256\frame_1496.jpg,6.00
RPi_Secp256\frame_1497.jpg,6.00
RPi_Secp256\frame_1498.jpg,6.00
RPi_Secp256\frame_1499.jpg,6.00
RPi_Secp256\frame_1500.jpg,5.79
RPi_Secp256\frame_1501.jpg,5.79
RPi_Secp256\frame_1502.jpg,5.79
RPi_Secp256\frame_1503.jpg,5.79
RPi_Secp256\frame_1504.jpg,5.79
RPi_Secp256\frame_1505.jpg,5.79
RPi_Secp256\frame_1506.jpg,5.79
RPi_Secp256\frame_1507.jpg,5.79
RPi_Secp256\frame_1508.jpg,5.79
RPi_Secp256\frame_1509.jpg,5.79
RPi_Secp256\frame_1510.jpg,5.79
RPi_Secp256\frame_1511.jpg,5.79
RPi_Secp256\frame_1512.jpg,5.79
RPi_Secp256\frame_1513.jpg,5.79
RPi_Secp256\frame_1514.jpg,5.79
RPi_Secp256\frame_1515.jpg,5.89
RPi_Secp256\frame_1516.jpg,5.81
RPi_Secp256\frame_1517.jpg,5.81
RPi_Secp256\frame_1518.jpg,5.81
RPi_Secp256\frame_1519.jpg,5.81
RPi_Secp256\frame_1520.jpg,5.81
RPi_Secp256\frame_1521.jpg,5.81
RPi_Secp256\frame_1522.jpg,5.81
RPi_Secp256\frame_1523.jpg,5.81
RPi_Secp256\frame_1524.jpg,5.81
RPi_Secp256\frame_1525.jpg,5.81
RPi_Secp256\frame_1526.jpg,5.81
RPi_Secp256\frame_1527.jpg,5.81
RPi_Secp256\frame_1528.jpg,5.81
RPi_Secp256\frame_1529.jpg,5.81
RPi_Secp256\frame_1530.jpg,5.39
RPi_Secp256\frame_1531.jpg,5.79
RPi_Secp256\frame_1532.jpg,5.79
RPi_Secp256\frame_1533.jpg,5.79
RPi_Secp256\frame_1534.jpg,5.79
RPi_Secp256\frame_1535.jpg,5.79
RPi_Secp256\frame_1536.jpg,5.79
RPi_Secp256\frame_1537.jpg,5.79
RPi_Secp256\frame_1538.jpg,5.79
RPi_Secp256\frame_1539.jpg,5.79
RPi_Secp256\frame_1540.jpg,5.79
RPi_Secp256\frame_1541.jpg,5.79
RPi_Secp256\frame_1542.jpg,5.79
RPi_Secp256\frame_1543.jpg,5.79
RPi_Secp256\frame_1544.jpg,5.79
RPi_Secp256\frame_1545.jpg,5.29
RPi_Secp256\frame_1546.jpg,4.50
RPi_Secp256\frame_1547.jpg,4.50
RPi_Secp256\frame_1548.jpg,4.50
RPi_Secp256\frame_1549.jpg,4.50
RPi_Secp256\frame_1550.jpg,4.50
RPi_Secp256\frame_1551.jpg,4.50
RPi_Secp256\frame_1552.jpg,4.50
RPi_Secp256\frame_1553.jpg,4.50
RPi_Secp256\frame_1554.jpg,4.50
RPi_Secp256\frame_1555.jpg,4.50
RPi_Secp256\frame_1556.jpg,4.50
RPi_Secp256\frame_1557.jpg,4.50
RPi_Secp256\frame_1558.jpg,4.50
RPi_Secp256\frame_1559.jpg,4.50
RPi_Secp256\frame_1560.jpg,4.50
RPi_Secp256\frame_1561.jpg,4.46
RPi_Secp256\frame_1562.jpg,4.46
RPi_Secp256\frame_1563.jpg,4.46
RPi_Secp256\frame_1564.jpg,4.46
RPi_Secp256\frame_1565.jpg,4.46
RPi_Secp256\frame_1566.jpg,4.46
RPi_Secp256\frame_1567.jpg,4.46
RPi_Secp256\frame_1568.jpg,4.46
RPi_Secp256\frame_1569.jpg,4.46
RPi_Secp256\frame_1570.jpg,4.46
RPi_Secp256\frame_1571.jpg,4.46
RPi_Secp256\frame_1572.jpg,4.46
RPi_Secp256\frame_1573.jpg,4.46
RPi_Secp256\frame_1574.jpg,4.46
RPi_Secp256\frame_1575.jpg,4.46
RPi_Secp256\frame_1576.jpg,4.49
RPi_Secp256\frame_1577.jpg,4.49
RPi_Secp256\frame_1578.jpg,4.49
RPi_Secp256\frame_1579.jpg,4.49
RPi_Secp256\frame_1580.jpg,4.49
RPi_Secp256\frame_1581.jpg,4.49
RPi_Secp256\frame_1582.jpg,4.49
RPi_Secp256\frame_1583.jpg,4.49
RPi_Secp256\frame_1584.jpg,4.49
RPi_Secp256\frame_1585.jpg,4.49
RPi_Secp256\frame_1586.jpg,4.49
RPi_Secp256\frame_1587.jpg,4.49
RPi_Secp256\frame_1588.jpg,4.49
RPi_Secp256\frame_1589.jpg,4.49
RPi_Secp256\frame_1590.jpg,4.49
RPi_Secp256\frame_1591.jpg,4.43
RPi_Secp256\frame_1592.jpg,4.43
RPi_Secp256\frame_1593.jpg,4.43
RPi_Secp256\frame_1594.jpg,4.43
RPi_Secp256\frame_1595.jpg,4.43
RPi_Secp256\frame_1596.jpg,4.43
RPi_Secp256\frame_1597.jpg,4.43
RPi_Secp256\frame_1598.jpg,4.43
RPi_Secp256\frame_1599.jpg,4.43
RPi_Secp256\frame_1600.jpg,4.43
RPi_Secp256\frame_1601.jpg,4.43
RPi_Secp256\frame_1602.jpg,4.43
RPi_Secp256\frame_1603.jpg,4.43
RPi_Secp256\frame_1604.jpg,4.43
RPi_Secp256\frame_1605.jpg,4.43
RPi_Secp256\frame_1606.jpg,4.49
RPi_Secp256\frame_1607.jpg,4.49
RPi_Secp256\frame_1608.jpg,4.49
RPi_Secp256\frame_1609.jpg,4.49
RPi_Secp256\frame_1610.jpg,4.49
RPi_Secp256\frame_1611.jpg,4.49
RPi_Secp256\frame_1612.jpg,4.49
RPi_Secp256\frame_1613.jpg,4.49
RPi_Secp256\frame_1614.jpg,4.49
RPi_Secp256\frame_1615.jpg,4.49
RPi_Secp256\frame_1616.jpg,4.49
RPi_Secp256\frame_1617.jpg,4.49
RPi_Secp256\frame_1618.jpg,4.49
