MiniPC_X25519\frame_0.jpg,11.30
MiniPC_X25519\frame_1.jpg,11.30
MiniPC_X25519\frame_2.jpg,11.30
MiniPC_X25519\frame_3.jpg,11.30
MiniPC_X25519\frame_4.jpg,11.30
MiniPC_X25519\frame_5.jpg,11.30
MiniPC_X25519\frame_6.jpg,11.30
MiniPC_X25519\frame_7.jpg,11.58
MiniPC_X25519\frame_8.jpg,11.58
MiniPC_X25519\frame_9.jpg,11.58
MiniPC_X25519\frame_10.jpg,11.58
MiniPC_X25519\frame_11.jpg,11.58
MiniPC_X25519\frame_12.jpg,11.58
MiniPC_X25519\frame_13.jpg,11.58
MiniPC_X25519\frame_14.jpg,11.58
MiniPC_X25519\frame_15.jpg,11.58
MiniPC_X25519\frame_16.jpg,11.58
MiniPC_X25519\frame_17.jpg,11.58
MiniPC_X25519\frame_18.jpg,11.58
MiniPC_X25519\frame_19.jpg,11.5 8
MiniPC_X25519\frame_20.jpg,11.5 8
MiniPC_X25519\frame_21.jpg,11.5 8
MiniPC_X25519\frame_22.jpg,11.7 9
MiniPC_X25519\frame_23.jpg,11.7 9
MiniPC_X25519\frame_24.jpg,11.7 9
MiniPC_X25519\frame_25.jpg,11.7 9
MiniPC_X25519\frame_26.jpg,11.7 9
MiniPC_X25519\frame_27.jpg,11.7 9
MiniPC_X25519\frame_28.jpg,11.7 9
MiniPC_X25519\frame_29.jpg,11.7 9
MiniPC_X25519\frame_30.jpg,11.7 9
MiniPC_X25519\frame_31.jpg,11.79
MiniPC_X25519\frame_32.jpg,11.7 9
MiniPC_X25519\frame_33.jpg,11.7 9
MiniPC_X25519\frame_34.jpg,11.7 9
MiniPC_X25519\frame_35.jpg,11.7 9
MiniPC_X25519\frame_36.jpg,11.7 9
MiniPC_X25519\frame_37.jpg,11.39
MiniPC_X25519\frame_38.jpg,11.3
MiniPC_X25519\frame_39.jpg,11.3
MiniPC_X25519\frame_40.jpg,11.35
MiniPC_X25519\frame_41.jpg,MiniPC_X25519\frame_42.jpg,MiniPC_X25519\frame_43.jpg,11.35
MiniPC_X25519\frame_44.jpg,11.35
MiniPC_X25519\frame_45.jpg,11.35
MiniPC_X25519\frame_46.jpg,11.35
MiniPC_X25519\frame_47.jpg,11.35
MiniPC_X25519\frame_48.jpg,11.35
MiniPC_X25519\frame_49.jpg,11.35
MiniPC_X25519\frame_50.jpg,11.35
MiniPC_X25519\frame_51.jpg,11.35
MiniPC_X25519\frame_52.jpg,11.25
MiniPC_X25519\frame_53.jpg,11.21
MiniPC_X25519\frame_54.jpg,11.21
MiniPC_X25519\frame_55.jpg,11.21
MiniPC_X25519\frame_56.jpg,11.21
MiniPC_X25519\frame_57.jpg,11.21
MiniPC_X25519\frame_58.jpg,11.21
MiniPC_X25519\frame_59.jpg,11.21
MiniPC_X25519\frame_60.jpg,11.21
MiniPC_X25519\frame_61.jpg,11.21
MiniPC_X25519\frame_62.jpg,11.21
MiniPC_X25519\frame_63.jpg,11.21
MiniPC_X25519\frame_64.jpg,11.21
MiniPC_X25519\frame_65.jpg,11.21
MiniPC_X25519\frame_66.jpg,11.21
MiniPC_X25519\frame_67.jpg,11.24
MiniPC_X25519\frame_68.jpg,11.74
MiniPC_X25519\frame_69.jpg,11.74
MiniPC_X25519\frame_70.jpg,11.74
MiniPC_X25519\frame_71.jpg,11.74
MiniPC_X25519\frame_72.jpg,11.74
MiniPC_X25519\frame_73.jpg,11.74
MiniPC_X25519\frame_74.jpg,11.74
MiniPC_X25519\frame_75.jpg,11.74
MiniPC_X25519\frame_76.jpg,11.74
MiniPC_X25519\frame_77.jpg,11.74
MiniPC_X25519\frame_78.jpg,1 1.74
MiniPC_X25519\frame_79.jpg,11.74
MiniPC_X25519\frame_80.jpg,11.74
MiniPC_X25519\frame_81.jpg,11.74
MiniPC_X25519\frame_82.jpg,11.74
MiniPC_X25519\frame_83.jpg,11.83
MiniPC_X25519\frame_84.jpg,11.83
MiniPC_X25519\frame_85.jpg,11.83
MiniPC_X25519\frame_86.jpg,11.83
MiniPC_X25519\frame_87.jpg,11. 83
MiniPC_X25519\frame_88.jpg,11.83
MiniPC_X25519\frame_89.jpg,11.83
MiniPC_X25519\frame_90.jpg,11.83
MiniPC_X25519\frame_91.jpg,11.83
MiniPC_X25519\frame_92.jpg,11.83
MiniPC_X25519\frame_93.jpg,11.83
MiniPC_X25519\frame_94.jpg,11.83
MiniPC_X25519\frame_95.jpg,11 83
MiniPC_X25519\frame_96.jpg,11. 83
MiniPC_X25519\frame_97.jpg,11.83
MiniPC_X25519\frame_98.jpg,1 8.28
MiniPC_X25519\frame_99.jpg,1 8.28
MiniPC_X25519\frame_100.jpg,1 8.28
MiniPC_X25519\frame_101.jpg,1 8.28
MiniPC_X25519\frame_102.jpg,1 8.28
MiniPC_X25519\frame_103.jpg,18.28
MiniPC_X25519\frame_104.jpg,18.28
MiniPC_X25519\frame_105.jpg,18.28
MiniPC_X25519\frame_106.jpg,18.28
MiniPC_X25519\frame_107.jpg,18.28
MiniPC_X25519\frame_108.jpg,18.28
MiniPC_X25519\frame_109.jpg,18.28
MiniPC_X25519\frame_110.jpg,18.28
MiniPC_X25519\frame_111.jpg,18.28
MiniPC_X25519\frame_112.jpg,18.28
MiniPC_X25519\frame_113.jpg,21. .64
MiniPC_X25519\frame_114.jpg,21. .64
MiniPC_X25519\frame_115.jpg,21. .64
MiniPC_X25519\frame_116.jpg,21.64
MiniPC_X25519\frame_117.jpg,21. .64
MiniPC_X25519\frame_118.jpg,21.64
MiniPC_X25519\frame_119.jpg,21.64
MiniPC_X25519\frame_120.jpg,21.64
MiniPC_X25519\frame_121.jpg,21.64
MiniPC_X25519\frame_122.jpg,21.64
MiniPC_X25519\frame_123.jpg,21.64
MiniPC_X25519\frame_124.jpg,21.64
MiniPC_X25519\frame_125.jpg,21. .64
MiniPC_X25519\frame_126.jpg,21. .64
MiniPC_X25519\frame_127.jpg,21. .64
MiniPC_X25519\frame_128.jpg,20.32
MiniPC_X25519\frame_129.jpg,20.32
MiniPC_X25519\frame_130.jpg,20.32
MiniPC_X25519\frame_131.jpg,20.32
MiniPC_X25519\frame_132.jpg,20.32
MiniPC_X25519\frame_133.jpg,20.32
MiniPC_X25519\frame_134.jpg,20.32
MiniPC_X25519\frame_135.jpg,20.32.
MiniPC_X25519\frame_136.jpg,20.32.
MiniPC_X25519\frame_137.jpg,20.32.
MiniPC_X25519\frame_138.jpg,20.32
MiniPC_X25519\frame_139.jpg,20.32
MiniPC_X25519\frame_140.jpg,20.32
MiniPC_X25519\frame_141.jpg,20.32
MiniPC_X25519\frame_142.jpg,20.32
MiniPC_X25519\frame_143.jpg,19.96
MiniPC_X25519\frame_144.jpg,1 9.96
MiniPC_X25519\frame_145.jpg,1 9.96
MiniPC_X25519\frame_146.jpg,1 9.96
MiniPC_X25519\frame_147.jpg,1 9.96
MiniPC_X25519\frame_148.jpg,19.96
MiniPC_X25519\frame_149.jpg,19.96
MiniPC_X25519\frame_150.jpg,19.96
MiniPC_X25519\frame_151.jpg,19.96
MiniPC_X25519\frame_152.jpg,19.96
MiniPC_X25519\frame_153.jpg,19.96
MiniPC_X25519\frame_154.jpg,19.96
MiniPC_X25519\frame_155.jpg,19.96
MiniPC_X25519\frame_156.jpg,1 9.96
MiniPC_X25519\frame_157.jpg,1 9.96
MiniPC_X25519\frame_158.jpg,20.06
MiniPC_X25519\frame_159.jpg,20.01
MiniPC_X25519\frame_160.jpg,20.01
MiniPC_X25519\frame_161.jpg,20.01
MiniPC_X25519\frame_162.jpg,20.01
MiniPC_X25519\frame_163.jpg,20.01
MiniPC_X25519\frame_164.jpg,20.01
MiniPC_X25519\frame_165.jpg,20.01
MiniPC_X25519\frame_166.jpg,20.01
MiniPC_X25519\frame_167.jpg,20.01
MiniPC_X25519\frame_168.jpg,20.01
MiniPC_X25519\frame_169.jpg,20.01
MiniPC_X25519\frame_170.jpg,20.01
MiniPC_X25519\frame_171.jpg,20.01
MiniPC_X25519\frame_172.jpg,20.01
MiniPC_X25519\frame_173.jpg,20.08
MiniPC_X25519\frame_174.jpg,20.18
MiniPC_X25519\frame_175.jpg,20.18
MiniPC_X25519\frame_176.jpg,20.18
MiniPC_X25519\frame_177.jpg,20.18
MiniPC_X25519\frame_178.jpg,20.18
MiniPC_X25519\frame_179.jpg,20.18
MiniPC_X25519\frame_180.jpg,20.18
MiniPC_X25519\frame_181.jpg,20.18
MiniPC_X25519\frame_182.jpg,20.18
MiniPC_X25519\frame_183.jpg,20.18
MiniPC_X25519\frame_184.jpg,20.18
MiniPC_X25519\frame_185.jpg,20.18
MiniPC_X25519\frame_186.jpg,20.18
MiniPC_X25519\frame_187.jpg,20.18
MiniPC_X25519\frame_188.jpg,20.18
MiniPC_X25519\frame_189.jpg,20.24
MiniPC_X25519\frame_190.jpg,20.24.
MiniPC_X25519\frame_191.jpg,20.24
MiniPC_X25519\frame_192.jpg,20.24
MiniPC_X25519\frame_193.jpg,20.24
MiniPC_X25519\frame_194.jpg,20.24
MiniPC_X25519\frame_195.jpg,20.24.
MiniPC_X25519\frame_196.jpg,20.24
MiniPC_X25519\frame_197.jpg,20.24
MiniPC_X25519\frame_198.jpg,20.24
MiniPC_X25519\frame_199.jpg,20.24
MiniPC_X25519\frame_200.jpg,20.24
MiniPC_X25519\frame_201.jpg,20.24
MiniPC_X25519\frame_202.jpg,20.24
MiniPC_X25519\frame_203.jpg,20.24
MiniPC_X25519\frame_204.jpg,20.27
MiniPC_X25519\frame_205.jpg,20.27
MiniPC_X25519\frame_206.jpg,20.27
MiniPC_X25519\frame_207.jpg,20.27
MiniPC_X25519\frame_208.jpg,20.27
MiniPC_X25519\frame_209.jpg,20.27
MiniPC_X25519\frame_210.jpg,20.27
MiniPC_X25519\frame_211.jpg,20.27
MiniPC_X25519\frame_212.jpg,20.27
MiniPC_X25519\frame_213.jpg,20.27
MiniPC_X25519\frame_214.jpg,20.27
MiniPC_X25519\frame_215.jpg,20.27
MiniPC_X25519\frame_216.jpg,20.27
MiniPC_X25519\frame_217.jpg,20.27
MiniPC_X25519\frame_218.jpg,20.27
MiniPC_X25519\frame_219.jpg,20.39
MiniPC_X25519\frame_220.jpg,20.39
MiniPC_X25519\frame_221.jpg,20.39
MiniPC_X25519\frame_222.jpg,20.39
MiniPC_X25519\frame_223.jpg,20.39
MiniPC_X25519\frame_224.jpg,20.39
MiniPC_X25519\frame_225.jpg,20.39
MiniPC_X25519\frame_226.jpg,20.39
MiniPC_X25519\frame_227.jpg,20.39
MiniPC_X25519\frame_228.jpg,20.39
MiniPC_X25519\frame_229.jpg,20.39
MiniPC_X25519\frame_230.jpg,20.39
MiniPC_X25519\frame_231.jpg,20.39
MiniPC_X25519\frame_232.jpg,20.39
MiniPC_X25519\frame_233.jpg,20.39
MiniPC_X25519\frame_234.jpg,20.25
MiniPC_X25519\frame_235.jpg,20.25
MiniPC_X25519\frame_236.jpg,20.25
MiniPC_X25519\frame_237.jpg,20.25
MiniPC_X25519\frame_238.jpg,20.25
MiniPC_X25519\frame_239.jpg,20.25
MiniPC_X25519\frame_240.jpg,20.25
MiniPC_X25519\frame_241.jpg,20.25
MiniPC_X25519\frame_242.jpg,20.25
MiniPC_X25519\frame_243.jpg,20.25
MiniPC_X25519\frame_244.jpg,20.25
MiniPC_X25519\frame_245.jpg,20.25
MiniPC_X25519\frame_246.jpg,20.25
MiniPC_X25519\frame_247.jpg,20.25
MiniPC_X25519\frame_248.jpg,20.25
MiniPC_X25519\frame_249.jpg,20.30
MiniPC_X25519\frame_250.jpg,20.30
MiniPC_X25519\frame_251.jpg,20.30
MiniPC_X25519\frame_252.jpg,20.30
MiniPC_X25519\frame_253.jpg,20.30
MiniPC_X25519\frame_254.jpg,20.30
MiniPC_X25519\frame_255.jpg,20.30
MiniPC_X25519\frame_256.jpg,20.30
MiniPC_X25519\frame_257.jpg,20.30
MiniPC_X25519\frame_258.jpg,20.30
MiniPC_X25519\frame_259.jpg,20.30
MiniPC_X25519\frame_260.jpg,20.30
MiniPC_X25519\frame_261.jpg,20.30
MiniPC_X25519\frame_262.jpg,20.30
MiniPC_X25519\frame_263.jpg,20.30
MiniPC_X25519\frame_264.jpg,20.06
MiniPC_X25519\frame_265.jpg,20.06
MiniPC_X25519\frame_266.jpg,20.06
MiniPC_X25519\frame_267.jpg,20.06
MiniPC_X25519\frame_268.jpg,20.06
MiniPC_X25519\frame_269.jpg,20.06
MiniPC_X25519\frame_270.jpg,20.06
MiniPC_X25519\frame_271.jpg,20.06
MiniPC_X25519\frame_272.jpg,20.06
MiniPC_X25519\frame_273.jpg,20.06
MiniPC_X25519\frame_274.jpg,20.06
MiniPC_X25519\frame_275.jpg,20.06
MiniPC_X25519\frame_276.jpg,20.06
MiniPC_X25519\frame_277.jpg,20.06
MiniPC_X25519\frame_278.jpg,20.06
MiniPC_X25519\frame_279.jpg,20.86
MiniPC_X25519\frame_280.jpg,20.26.
MiniPC_X25519\frame_281.jpg,20.26
MiniPC_X25519\frame_282.jpg,20.26
MiniPC_X25519\frame_283.jpg,20.26
MiniPC_X25519\frame_284.jpg,20.26
MiniPC_X25519\frame_285.jpg,20.26
MiniPC_X25519\frame_286.jpg,20.26
MiniPC_X25519\frame_287.jpg,20.26
MiniPC_X25519\frame_288.jpg,20.26
MiniPC_X25519\frame_289.jpg,20.26
MiniPC_X25519\frame_290.jpg,20.26
MiniPC_X25519\frame_291.jpg,20.26
MiniPC_X25519\frame_292.jpg,20.26
MiniPC_X25519\frame_293.jpg,20.26
MiniPC_X25519\frame_294.jpg,20.26
MiniPC_X25519\frame_295.jpg,20.34
MiniPC_X25519\frame_296.jpg,20.34
MiniPC_X25519\frame_297.jpg,20.34
MiniPC_X25519\frame_298.jpg,20.34
MiniPC_X25519\frame_299.jpg,20.34
MiniPC_X25519\frame_300.jpg,20.34
MiniPC_X25519\frame_301.jpg,20.34
MiniPC_X25519\frame_302.jpg,20.34
MiniPC_X25519\frame_303.jpg,20.34
MiniPC_X25519\frame_304.jpg,20.34
MiniPC_X25519\frame_305.jpg,20.34.
MiniPC_X25519\frame_306.jpg,20.34
MiniPC_X25519\frame_307.jpg,20.34
MiniPC_X25519\frame_308.jpg,20.34
MiniPC_X25519\frame_309.jpg,20.34
MiniPC_X25519\frame_310.jpg,20.17
MiniPC_X25519\frame_311.jpg,20.17
MiniPC_X25519\frame_312.jpg,20.17
MiniPC_X25519\frame_313.jpg,20.17
MiniPC_X25519\frame_314.jpg,20.17
MiniPC_X25519\frame_315.jpg,20.17
MiniPC_X25519\frame_316.jpg,20.17
MiniPC_X25519\frame_317.jpg,20.17
MiniPC_X25519\frame_318.jpg,20.17
MiniPC_X25519\frame_319.jpg,20.17
MiniPC_X25519\frame_320.jpg,20.17
MiniPC_X25519\frame_321.jpg,20.17
MiniPC_X25519\frame_322.jpg,20.17
MiniPC_X25519\frame_323.jpg,20.17
MiniPC_X25519\frame_324.jpg,20.17
MiniPC_X25519\frame_325.jpg,20.11
MiniPC_X25519\frame_326.jpg,20.11
MiniPC_X25519\frame_327.jpg,20.11
MiniPC_X25519\frame_328.jpg,20.11
MiniPC_X25519\frame_329.jpg,20.11
MiniPC_X25519\frame_330.jpg,20.11
MiniPC_X25519\frame_331.jpg,20.11
MiniPC_X25519\frame_332.jpg,20.11
MiniPC_X25519\frame_333.jpg,20.11
MiniPC_X25519\frame_334.jpg,20.11
MiniPC_X25519\frame_335.jpg,20.11
MiniPC_X25519\frame_336.jpg,20.11
MiniPC_X25519\frame_337.jpg,20.11
MiniPC_X25519\frame_338.jpg,20.11
MiniPC_X25519\frame_339.jpg,20.11
MiniPC_X25519\frame_340.jpg,20.31
MiniPC_X25519\frame_341.jpg,20.31
MiniPC_X25519\frame_342.jpg,20.31
MiniPC_X25519\frame_343.jpg,20.31
MiniPC_X25519\frame_344.jpg,20.31
MiniPC_X25519\frame_345.jpg,20.31
MiniPC_X25519\frame_346.jpg,20.31
MiniPC_X25519\frame_347.jpg,20.31
MiniPC_X25519\frame_348.jpg,20.31
MiniPC_X25519\frame_349.jpg,20.31
MiniPC_X25519\frame_350.jpg,20.31
MiniPC_X25519\frame_351.jpg,20.31
MiniPC_X25519\frame_352.jpg,20.31
MiniPC_X25519\frame_353.jpg,20.31
MiniPC_X25519\frame_354.jpg,20.31
MiniPC_X25519\frame_355.jpg,20.20
MiniPC_X25519\frame_356.jpg,20.20
MiniPC_X25519\frame_357.jpg,20.20
MiniPC_X25519\frame_358.jpg,20.20
MiniPC_X25519\frame_359.jpg,20.20
MiniPC_X25519\frame_360.jpg,20.20
MiniPC_X25519\frame_361.jpg,20.20
MiniPC_X25519\frame_362.jpg,20.20
MiniPC_X25519\frame_363.jpg,20.20
MiniPC_X25519\frame_364.jpg,20.20
MiniPC_X25519\frame_365.jpg,20.20
MiniPC_X25519\frame_366.jpg,20.20
MiniPC_X25519\frame_367.jpg,20.20
MiniPC_X25519\frame_368.jpg,20.20
MiniPC_X25519\frame_369.jpg,20.20
MiniPC_X25519\frame_370.jpg,20.26
MiniPC_X25519\frame_371.jpg,20.18
MiniPC_X25519\frame_372.jpg,20.18
MiniPC_X25519\frame_373.jpg,20.18
MiniPC_X25519\frame_374.jpg,20.18
MiniPC_X25519\frame_375.jpg,20.18
MiniPC_X25519\frame_376.jpg,20.18
MiniPC_X25519\frame_377.jpg,20.18
MiniPC_X25519\frame_378.jpg,20.18
MiniPC_X25519\frame_379.jpg,20.18
MiniPC_X25519\frame_380.jpg,20.18
MiniPC_X25519\frame_381.jpg,20.18
MiniPC_X25519\frame_382.jpg,20.18
MiniPC_X25519\frame_383.jpg,20.18
MiniPC_X25519\frame_384.jpg,20.18
MiniPC_X25519\frame_385.jpg,20.18
MiniPC_X25519\frame_386.jpg,20.31
MiniPC_X25519\frame_387.jpg,20.31
MiniPC_X25519\frame_388.jpg,20.31
MiniPC_X25519\frame_389.jpg,20.31
MiniPC_X25519\frame_390.jpg,20.31
MiniPC_X25519\frame_391.jpg,20.31
MiniPC_X25519\frame_392.jpg,20.31
MiniPC_X25519\frame_393.jpg,20.31
MiniPC_X25519\frame_394.jpg,20.31
MiniPC_X25519\frame_395.jpg,20.31
MiniPC_X25519\frame_396.jpg,20.31
MiniPC_X25519\frame_397.jpg,20.31
MiniPC_X25519\frame_398.jpg,20.31
MiniPC_X25519\frame_399.jpg,20.31
MiniPC_X25519\frame_400.jpg,20.31
MiniPC_X25519\frame_401.jpg,20.45
MiniPC_X25519\frame_402.jpg,20.45
MiniPC_X25519\frame_403.jpg,20.45
MiniPC_X25519\frame_404.jpg,20.45
MiniPC_X25519\frame_405.jpg,20.45
MiniPC_X25519\frame_406.jpg,20.45
MiniPC_X25519\frame_407.jpg,20.45
MiniPC_X25519\frame_408.jpg,20.45
MiniPC_X25519\frame_409.jpg,20.45
MiniPC_X25519\frame_410.jpg,20.45
MiniPC_X25519\frame_411.jpg,20.45
MiniPC_X25519\frame_412.jpg,20.45
MiniPC_X25519\frame_413.jpg,20.45
MiniPC_X25519\frame_414.jpg,20.45
MiniPC_X25519\frame_415.jpg,20.45
MiniPC_X25519\frame_416.jpg,20.57
MiniPC_X25519\frame_417.jpg,20.57
MiniPC_X25519\frame_418.jpg,20.57
MiniPC_X25519\frame_419.jpg,20.57
MiniPC_X25519\frame_420.jpg,20.57
MiniPC_X25519\frame_421.jpg,20.57
MiniPC_X25519\frame_422.jpg,20.57
MiniPC_X25519\frame_423.jpg,20.57
MiniPC_X25519\frame_424.jpg,20.57
MiniPC_X25519\frame_425.jpg,20.57
MiniPC_X25519\frame_426.jpg,20.57
MiniPC_X25519\frame_427.jpg,20.57
MiniPC_X25519\frame_428.jpg,20.57
MiniPC_X25519\frame_429.jpg,20.57
MiniPC_X25519\frame_430.jpg,20.57
MiniPC_X25519\frame_431.jpg,20.11
MiniPC_X25519\frame_432.jpg,20.11
MiniPC_X25519\frame_433.jpg,20.11
MiniPC_X25519\frame_434.jpg,20.11
MiniPC_X25519\frame_435.jpg,20.11
MiniPC_X25519\frame_436.jpg,20.11
MiniPC_X25519\frame_437.jpg,20.11
MiniPC_X25519\frame_438.jpg,20.11
MiniPC_X25519\frame_439.jpg,20.11
MiniPC_X25519\frame_440.jpg,20.11
MiniPC_X25519\frame_441.jpg,20.11
MiniPC_X25519\frame_442.jpg,20.11
MiniPC_X25519\frame_443.jpg,20.11
MiniPC_X25519\frame_444.jpg,20.11
MiniPC_X25519\frame_445.jpg,20.11
MiniPC_X25519\frame_446.jpg,11.66
MiniPC_X25519\frame_447.jpg,11.66
MiniPC_X25519\frame_448.jpg,11.66
MiniPC_X25519\frame_449.jpg,11.66
MiniPC_X25519\frame_450.jpg,11.66
MiniPC_X25519\frame_451.jpg,11.66
MiniPC_X25519\frame_452.jpg,11.66
MiniPC_X25519\frame_453.jpg,11.66
MiniPC_X25519\frame_454.jpg,11.66
MiniPC_X25519\frame_455.jpg,11.66
MiniPC_X25519\frame_456.jpg,11.66
MiniPC_X25519\frame_457.jpg,11.66
MiniPC_X25519\frame_458.jpg,11.66
MiniPC_X25519\frame_459.jpg,11.66
MiniPC_X25519\frame_460.jpg,11.66
MiniPC_X25519\frame_461.jpg,11.94
MiniPC_X25519\frame_462.jpg,11.94
MiniPC_X25519\frame_463.jpg,11.94
MiniPC_X25519\frame_464.jpg,11.94
MiniPC_X25519\frame_465.jpg,11.94.
MiniPC_X25519\frame_466.jpg,11.94.
MiniPC_X25519\frame_467.jpg,11.94.
MiniPC_X25519\frame_468.jpg,11.94.
MiniPC_X25519\frame_469.jpg,11.94.
MiniPC_X25519\frame_470.jpg,11.94
MiniPC_X25519\frame_471.jpg,11.94.
MiniPC_X25519\frame_472.jpg,11.94.
MiniPC_X25519\frame_473.jpg,11.94.
MiniPC_X25519\frame_474.jpg,11.94.
MiniPC_X25519\frame_475.jpg,11.94.
MiniPC_X25519\frame_476.jpg,11.94
MiniPC_X25519\frame_477.jpg,11.57
MiniPC_X25519\frame_478.jpg,11.57
MiniPC_X25519\frame_479.jpg,11.57
MiniPC_X25519\frame_480.jpg,11.57
MiniPC_X25519\frame_481.jpg,11.57
MiniPC_X25519\frame_482.jpg,11.57
MiniPC_X25519\frame_483.jpg,11.57
MiniPC_X25519\frame_484.jpg,11.57
MiniPC_X25519\frame_485.jpg,11.57
MiniPC_X25519\frame_486.jpg,11.57
MiniPC_X25519\frame_487.jpg,11.57
MiniPC_X25519\frame_488.jpg,11.57
MiniPC_X25519\frame_489.jpg,11.57
MiniPC_X25519\frame_490.jpg,11.57
MiniPC_X25519\frame_491.jpg,11.57
MiniPC_X25519\frame_492.jpg,11.57
MiniPC_X25519\frame_493.jpg,11.57
MiniPC_X25519\frame_494.jpg,11.57
MiniPC_X25519\frame_495.jpg,11.57
MiniPC_X25519\frame_496.jpg,11.57
MiniPC_X25519\frame_497.jpg,11.57
